Rk,Player,Tm,Age,Pos,G,GS,RshTD,RecTD,PR TD,KR TD,FblTD,IntTD,OthTD,AllTD,2PM,2PA,D2P,XPM,XPA,FGM,FGA,Sfty,Pts,Pts/G
1,Daniel Carlson,LVR,26,k,17,0,,,,,,,,,,,0,30,33,40,43,,150,8.8
2,Nick Folk,NWE,37,k,17,0,,,,,,,,,,,0,42,47,36,39,,150,8.8
3,Matt Gay*,LAR,27,k,17,0,,,,,,,,,,,0,48,49,32,34,,144,8.5
4,Matt Prater,ARI,37,k,17,0,,,,,,,,,,,0,47,49,30,37,,137,8.1
5,Justin Tucker*+,BAL,32,k,17,0,,,,,,,,,,,0,32,32,35,37,,137,8.1
6,Tyler Bass,BUF,24,k,17,0,,,,,,,,,,,0,51,51,28,32,,135,7.9
7,Chris Boswell,PIT,30,k,17,0,,,,,,,,,,,0,27,29,36,40,,135,7.9
8,Greg Joseph,MIN,27,k,17,0,,,,,,,,,,,0,36,40,33,38,,135,7.9
9,Jake Elliott *,PHI,26,k,17,0,,,,,,,,,,,0,44,44,30,33,,134,7.9
10,Ryan Succop,TAM,35,k,17,0,,,,,,,,,,,0,56,59,25,30,,131,7.7
11,Dustin Hopkins,2TM,31,,17,0,,,,,,,,,,,0,40,44,30,34,,130,7.6
12,Evan McPherson,CIN,22,k,16,0,,,,,,,,,,,0,46,48,28,33,,130,8.1
13,Greg Zuerlein,DAL,34,k,16,0,,,,,,,,,,,0,42,48,29,35,,129,8.1
14,Mason Crosby,GNB,37,k,17,0,,,,,,,,,,,0,49,51,25,34,,124,7.3
15,Austin Ekeler,LAC,26,RB,16,16,12,8,,,,,,20,2,,0,,,,,,124,7.8
16,Harrison Butker,KAN,26,k,16,0,,,,,,,,,,,0,47,49,25,28,,122,7.6
17,Randy Bullock,TEN,32,k,16,0,,,,,,,,,,,0,42,45,26,31,,120,7.5
18,Jonathan Taylor*+,IND,22,RB,17,17,18,2,,,,,,20,,,0,,,,,,120,7.1
19,Younghoe Koo,ATL,27,k,17,0,,,,,,,,,,,0,30,30,27,29,,111,6.5
20,Brandon McManus,DEN,30,k,17,0,,,,,,,,,,,0,33,34,26,31,,111,6.5
21,James Conner*,ARI,26,rb,15,6,15,3,,,,,,18,,,0,,,,,,108,7.2
22,Cairo Santos,CHI,30,k,17,0,,,,,,,,,,,0,27,28,26,30,,105,6.2
23,Graham Gano,NYG,34,k,17,0,,,,,,,,,,,0,17,17,29,33,,104,6.1
24,Jason Sanders,MIA,26,k,17,0,,,,,,,,,,,0,34,35,23,31,,103,6.1
25,Robbie Gould,SFO,39,k,13,0,,,,,,,,,,,0,39,40,20,23,,99,7.6
26,Cooper Kupp*+,LAR,28,WR,17,17,,16,,,,,,16,1,,0,,,,,,98,5.8
27,Joe Mixon*,CIN,25,RB,16,16,13,3,,,,,,16,,,0,,,,,,96,6
28,Jason Myers,SEA,30,k,17,0,,,,,,,,,,,0,44,47,17,23,,95,5.6
29,Michael Badgley,2TM,26,,13,0,,,,,,,,,,,0,40,41,18,22,,94,7.2
30,Damien Harris,NWE,24,RB,15,15,15,,,,,,,15,,,0,,,,,,90,6
31,Joey Slye,3TM,25,,12,0,,,,,,,,,,,0,18,22,23,25,,87,7.3
32,Mike Evans*,TAM,28,WR,16,16,,14,,,,,,14,,,0,,,,,,84,5.3
33,Deebo Samuel*+,SFO,25,WR,16,15,8,6,,,,,,14,,,0,,,,,,84,5.3
34,Zane Gonzalez,CAR,26,k,12,0,,,,,,,,,,,0,22,23,20,22,,82,6.8
35,Chase McLaughlin,CLE,25,k,16,0,,,,,,,,,,,0,36,37,15,21,,81,5.1
36,Ja'Marr Chase*,CIN,21,WR,17,17,,13,,,,,,13,,,0,,,,,,78,4.6
37,Ezekiel Elliott,DAL,26,RB,17,17,10,2,,,,,,12,3,,0,,,,,,78,4.6
38,Matthew Wright,JAX,25,k,14,0,,,,,,,,,,,0,13,15,21,24,,76,5.4
39,D.K. Metcalf,SEA,24,WR,17,17,,12,,,,,,12,,,0,,,,,,72,4.2
40,Davante Adams*+,GNB,29,WR,16,16,,11,,,,,,11,,,0,,,,,,66,4.1
41,Cordarrelle Patterson,ATL,30,RB,16,13,6,5,,,,,,11,,,0,,,,,,66,4.1
42,Antonio Gibson,WAS,23,RB,16,14,7,3,,,,,,10,1,,0,,,,,,62,3.9
43,Derrick Henry,TEN,27,rb,8,8,10,,,,,,,10,1,,0,,,,,,62,7.8
44,Stefon Diggs*,BUF,28,WR,17,17,,10,,,,,,10,,,0,,,,,,60,3.5
45,Leonard Fournette,TAM,26,RB,14,13,8,2,,,,,,10,,,0,,,,,,60,4.3
46,Melvin Gordon,DEN,28,RB,16,16,8,2,,,,,,10,,,0,,,,,,60,3.8
47,Najee Harris*,PIT,23,RB,17,17,7,3,,,,,,10,,,0,,,,,,60,3.5
48,Jalen Hurts,PHI,23,QB,15,15,10,,,,,,,10,,,0,,,,,,60,4
49,Justin Jefferson*,MIN,22,WR,17,17,,10,,,,,,10,,,0,,,,,,60,3.5
50,Aaron Jones,GNB,27,RB,15,15,4,6,,,,,,10,,,0,,,,,,60,4
51,Travis Kelce*,KAN,32,TE,16,16,1,9,,,,,,10,,,0,,,,,,60,3.8
52,Adam Thielen,MIN,31,WR,13,13,,10,,,,,,10,,,0,,,,,,60,4.6
53,Mark Andrews*+,BAL,26,te,17,9,,9,,,,,,9,2,,0,,,,,,58,3.4
54,Ka'imi Fairbairn,HOU,27,k,13,0,,,,,,,,,,,0,13,16,15,19,,58,4.5
55,Brett Maher,NOR,32,,8,0,,,,,,,,,,,0,10,12,16,18,,58,7.3
56,Mike Williams,LAC,27,WR,16,14,,9,,,,,,9,1,,0,,,,,,56,3.5
57,Riley Patterson,DET,22,k,7,0,,,,,,,,,,,0,16,16,13,14,,55,7.9
58,Nick Chubb*,CLE,26,RB,14,14,8,1,,,,,,9,,,0,,,,,,54,3.9
59,Hunter Henry,NWE,27,te,17,10,,9,,,,,,9,,,0,,,,,,54,3.2
60,Tyreek Hill*,KAN,27,WR,17,16,,9,,,,,,9,,,0,,,,,,54,3.2
61,Josh Jacobs,LVR,23,RB,15,14,9,,,,,,,9,,,0,,,,,,54,3.6
62,Alvin Kamara*,NOR,26,rb,13,10,4,5,,,,,,9,,,0,,,,,,54,4.2
63,Dawson Knox,BUF,25,TE,15,14,,9,,,,,,9,,,0,,,,,,54,3.6
64,Hunter Renfrow*,LVR,26,wr,17,9,,9,,,,,,9,,,0,,,,,,54,3.2
65,Matt Ammendola,NYJ,25,k,11,0,,,,,,,,,,,0,14,15,13,19,,53,4.8
66,Diontae Johnson*,PIT,25,WR,16,14,,8,,,,,,8,1,,0,,,,,,50,3.1
67,Tyler Lockett,SEA,29,WR,16,16,,8,,,,,,8,1,,0,,,,,,50,3.1
68,Dalton Schultz,DAL,25,TE,17,15,,8,,,,,,8,1,,0,,,,,,50,2.9
69,Amari Cooper,DAL,27,WR,15,14,,8,,,,,,8,,,0,,,,,,48,3.2
70,Darrell Henderson,LAR,24,rb,12,10,5,3,,,,,,8,,,0,,,,,,48,4
71,DeAndre Hopkins,ARI,29,wr,10,10,,8,,,,,,8,,,0,,,,,,48,4.8
72,Allen Lazard,GNB,26,WR,15,13,,8,,,,,,8,,,0,,,,,,48,3.2
73,James Robinson,JAX,23,RB,14,13,8,,,,,,,8,,,0,,,,,,48,3.4
74,Devin Singletary,BUF,24,RB,17,16,7,1,,,,,,8,,,0,,,,,,48,2.8
75,Darrel Williams,KAN,26,rb,17,7,6,2,,,,,,8,,,0,,,,,,48,2.8
76,Pat Freiermuth,PIT,23,te,16,9,,7,,,,,,7,1,,0,,,,,,44,2.8
77,AJ Dillon,GNB,23,rb,17,2,5,2,,,,,,7,,,0,,,,,,42,2.5
78,Myles Gaskin,MIA,24,rb,17,10,3,4,,,,,,7,,,0,,,,,,42,2.5
79,David Montgomery,CHI,24,RB,13,13,7,,,,,,,7,,,0,,,,,,42,3.2
80,K.J. Osborn,MIN,24,wr,17,9,,7,,,,,,7,,,0,,,,,,42,2.5
81,Boston Scott,PHI,26,rb,16,4,7,,,,,,,7,,,0,,,,,,42,2.6
82,D'Andre Swift,DET,22,rb,13,4,5,2,,,,,,7,,,0,,,,,,42,3.2
83,Ryan Tannehill,TEN,33,QB,17,17,7,,,,,,,7,,,0,,,,,,42,2.5
84,Jaylen Waddle,MIA,23,WR,16,16,1,6,,,,,,7,,,0,,,,,,42,2.6
85,Javonte Williams,DEN,21,rb,17,1,4,3,,,,,,7,,,0,,,,,,42,2.5
86,Josh Allen,BUF,25,QB,17,17,6,,,,,,,6,2,,0,,,,,,40,2.4
87,Rodrigo Blankenship,IND,24,k,5,0,,,,,,,,,,,0,7,8,11,14,,40,8
88,Amon-Ra St. Brown,DET,22,wr,17,9,1,5,,,,,,6,2,,0,,,,,,40,2.4
89,Brian Johnson,2TM,22,,7,0,,,,,,,,,,,0,9,13,10,10,,39,5.6
90,Dalvin Cook*,MIN,26,RB,13,13,6,,,,,,,6,1,,0,,,,,,38,2.9
91,Clyde Edwards-Helaire,KAN,22,rb,10,10,4,2,,,,,,6,1,,0,,,,,,38,3.8
92,Kenneth Gainwell,PHI,22,rb,16,1,5,1,,,,,,6,1,,0,,,,,,38,2.4
93,Tee Higgins,CIN,22,WR,14,14,,6,,,,,,6,1,,0,,,,,,38,2.7
94,Michael Pittman Jr.,IND,24,WR,17,17,,6,,,,,,6,1,,0,,,,,,38,2.2
95,Cedrick Wilson Jr.,DAL,26,wr,16,4,,6,,,,,,6,1,,0,,,,,,38,2.4
96,Keenan Allen*,LAC,29,WR,16,16,,6,,,,,,6,,,0,,,,,,36,2.3
97,Marquise Brown,BAL,24,WR,16,16,,6,,,,,,6,,,0,,,,,,36,2.3
98,Marquez Callaway,NOR,23,WR,17,11,,6,,,,,,6,,,0,,,,,,36,2.1
99,Brandin Cooks,HOU,28,WR,16,16,,6,,,,,,6,,,0,,,,,,36,2.3
100,Gabriel Davis,BUF,22,wr,16,4,,6,,,,,,6,,,0,,,,,,36,2.3
101,Devonta Freeman,BAL,29,rb,16,8,5,1,,,,,,6,,,0,,,,,,36,2.3
102,Chris Godwin,TAM,25,WR,14,14,1,5,,,,,,6,,,0,,,,,,36,2.6
103,Rob Gronkowski,TAM,32,TE,12,12,,6,,,,,,6,,,0,,,,,,36,3
104,Chuba Hubbard,CAR,22,rb,17,10,5,1,,,,,,6,,,0,,,,,,36,2.1
105,Van Jefferson,LAR,25,WR,17,17,,6,,,,,,6,,,0,,,,,,36,2.1
106,George Kittle*,SFO,28,TE,14,14,,6,,,,,,6,,,0,,,,,,36,2.6
107,CeeDee Lamb*,DAL,22,WR,16,13,,6,,,,,,6,,,0,,,,,,36,2.3
108,Elijah Mitchell,SFO,23,rb,11,10,5,1,,,,,,6,,,0,,,,,,36,3.3
109,Elijah Moore,NYJ,21,wr,11,6,1,5,,,,,,6,,,0,,,,,,36,3.3
110,Latavius Murray,BAL,31,rb,14,6,6,,,,,,,6,,,0,,,,,,36,2.6
111,Rashaad Penny,SEA,25,rb,10,6,6,,,,,,,6,,,0,,,,,,36,3.6
112,Austin Seibert,DET,25,k,6,0,,,,,,,,,,,0,5,5,10,12,,35,5.8
113,Eddy Pineiro,NYJ,26,k,5,0,,,,,,,,,,,0,9,10,8,8,,33,6.6
114,Brandon Aiyuk,SFO,23,WR,17,16,,5,,,,,,5,1,,0,,,,,,32,1.9
115,Kareem Hunt,CLE,26,rb,8,1,5,,,,,,,5,1,,0,,,,,,32,4
116,DeVonta Smith,PHI,23,WR,17,16,,5,,,,,,5,1,,0,,,,,,32,1.9
117,Robert Woods,LAR,29,wr,9,9,1,4,,,,,,5,1,,0,,,,,,32,3.6
118,Robby Anderson,CAR,28,WR,17,16,,5,,,,,,5,,,0,,,,,,30,1.8
119,Odell Beckham Jr.,2TM,29,,14,13,,5,,,,,,5,,,0,,,,,,30,2.1
120,Braxton Berrios+,NYJ,26,wr,16,1,2,2,,1,,,,5,,,0,,,,,,30,1.9
121,Kendrick Bourne,NWE,26,wr,17,5,,5,,,,,,5,,,0,,,,,,30,1.8
122,Tyler Boyd,CIN,27,wr,16,10,,5,,,,,,5,,,0,,,,,,30,1.9
123,A.J. Brown,TEN,24,WR,13,13,,5,,,,,,5,,,0,,,,,,30,2.3
124,Randall Cobb,GNB,31,wr,12,3,,5,,,,,,5,,,0,,,,,,30,2.5
125,Sam Darnold,CAR,24,QB,12,11,5,,,,,,,5,,,0,,,,,,30,2.5
126,Zach Ertz,2TM,31,,17,14,,5,,,,,,5,,,0,,,,,,30,1.8
127,Tyler Higbee,LAR,28,TE,15,15,,5,,,,,,5,,,0,,,,,,30,2
128,Taysom Hill,NOR,31,qb,12,9,5,,,,,,,5,,,0,,,,,,30,2.5
129,Jauan Jennings,SFO,24,wr,16,1,,5,,,,,,5,,,0,,,,,,30,1.9
130,Christian Kirk,ARI,25,WR,17,11,,5,,,,,,5,,,0,,,,,,30,1.8
131,Terry McLaurin,WAS,26,WR,17,17,,5,,,,,,5,,,0,,,,,,30,1.8
132,Sony Michel,LAR,26,rb,17,7,4,1,,,,,,5,,,0,,,,,,30,1.8
133,Darnell Mooney,CHI,24,WR,17,14,1,4,,,,,,5,,,0,,,,,,30,1.8
134,Zack Moss,BUF,24,,13,0,4,1,,,,,,5,,,0,,,,,,30,2.3
135,Kyler Murray*,ARI,24,QB,14,14,5,,,,,,,5,,,0,,,,,,30,2.1
136,Cam Newton,CAR,32,qb,8,5,5,,,,,,,5,,,0,,,,,,30,3.8
137,Tim Patrick,DEN,28,WR,16,16,,5,,,,,,5,,,0,,,,,,30,1.9
138,Byron Pringle,KAN,28,wr,17,5,,5,,,,,,5,,,0,,,,,,30,1.8
139,Rhamondre Stevenson,NWE,23,rb,12,2,5,,,,,,,5,,,0,,,,,,30,2.5
140,C.J. Uzomah,CIN,28,TE,16,16,,5,,,,,,5,,,0,,,,,,30,1.9
141,Jared Cook,LAC,34,te,16,10,,4,,,,,,4,2,,0,,,,,,28,1.8
142,Tristan Vizcaino,LAC,25,,6,0,,,,,,,,,,,0,10,15,6,7,,28,4.7
143,Dallas Goedert,PHI,26,TE,15,14,,4,,,,,,4,1,,0,,,,,,26,1.7
144,T.J. Hockenson,DET,24,TE,12,12,,4,,,,,,4,1,,0,,,,,,26,2.2
145,D.J. Moore,CAR,24,WR,17,17,,4,,,,,,4,1,,0,,,,,,26,1.5
146,Zach Wilson,NYJ,22,QB,13,13,4,,,,,,,4,1,,0,,,,,,26,2
147,Jamal Agnew,JAX,26,wr,10,2,1,1,,1,,,1,4,,,0,,,,,,24,2.4
148,Mo Alie-Cox,IND,28,te,17,7,,4,,,,,,4,,,0,,,,,,24,1.4
149,Saquon Barkley,NYG,24,RB,13,13,2,2,,,,,,4,,,0,,,,,,24,1.8
150,Cameron Brate,TAM,30,te,17,3,,4,,,,,,4,,,0,,,,,,24,1.4
151,Antonio Brown,TAM,33,,7,3,,4,,,,,,4,,,0,,,,,,24,3.4
152,DeAndre Carter,WAS,28,wr,17,6,,3,,1,,,,4,,,0,,,,,,24,1.4
153,Michael Carter,NYJ,22,RB,14,11,4,,,,,,,4,,,0,,,,,,24,1.7
154,Corey Davis,NYJ,26,wr,9,9,,4,,,,,,4,,,0,,,,,,24,2.7
155,Mike Davis,ATL,28,rb,17,8,3,1,,,,,,4,,,0,,,,,,24,1.4
156,Gerald Everett,SEA,27,,15,12,,4,,,,,,4,,,0,,,,,,24,1.6
157,Noah Fant,DEN,24,TE,16,16,,4,,,,,,4,,,0,,,,,,24,1.5
158,Russell Gage,ATL,25,wr,14,9,,4,,,,,,4,,,0,,,,,,24,1.7
159,Mack Hollins,MIA,28,wr,17,3,,4,,,,,,4,,,0,,,,,,24,1.4
160,Juwan Johnson,NOR,25,te,14,2,,4,,,,,,4,,,0,,,,,,24,1.7
161,Ty Johnson,NYJ,24,rb,16,3,2,2,,,,,,4,,,0,,,,,,24,1.5
162,Marvin Jones,JAX,31,WR,17,16,,4,,,,,,4,,,0,,,,,,24,1.4
163,Ronald Jones II,TAM,24,rb,16,3,4,,,,,,,4,,,0,,,,,,24,1.5
164,Jarvis Landry,CLE,29,WR,12,12,2,2,,,,,,4,,,0,,,,,,24,2
165,Alexander Mattison,MIN,23,rb,16,4,3,1,,,,,,4,,,0,,,,,,24,1.5
166,J.D. McKissic,WAS,28,rb,11,3,2,2,,,,,,4,,,0,,,,,,24,2.2
167,David Njoku,CLE,25,TE,16,11,,4,,,,,,4,,,0,,,,,,24,1.5
168,Josh Palmer,LAC,23,wr,17,5,,4,,,,,,4,,,0,,,,,,24,1.4
169,Kalif Raymond,DET,27,WR,16,14,,4,,,,,,4,,,0,,,,,,24,1.5
170,Emmanuel Sanders,BUF,34,WR,14,13,,4,,,,,,4,,,0,,,,,,24,1.7
171,Freddie Swain,SEA,23,wr,17,8,,4,,,,,,4,,,0,,,,,,24,1.4
172,Nick Westbrook-Ikhine,TEN,24,wr,16,7,,4,,,,,,4,,,0,,,,,,24,1.5
173,Danny Amendola,HOU,36,,8,0,,3,,,,,,3,1,,0,,,,,,20,2.5
174,Le'Veon Bell,2TM,29,,8,0,2,1,,,,,,3,1,,0,,,,,,20,2.5
175,Brandon Bolden,NWE,31,rb,17,1,1,2,,,,,,3,1,,0,,,,,,20,1.2
176,Jack Doyle,IND,31,,17,14,,3,,,,,,3,1,,0,,,,,,20,1.2
177,Jimmy Graham,CHI,35,te,15,6,,3,,,,,,3,1,,0,,,,,,20,1.3
178,Lirim Hajrullahu,2TM,31,,4,0,,,,,,,,,,,0,8,8,4,5,,20,5
179,Justin Herbert*,LAC,23,QB,17,17,3,,,,,,,3,1,,0,,,,,,20,1.2
180,Austin Hooper,CLE,27,TE,16,16,,3,,,,,,3,1,,0,,,,,,20,1.3
181,Donald Parham,LAC,24,te,14,9,,3,,,,,,3,1,,0,,,,,,20,1.4
182,MyCole Pruitt,TEN,29,te,16,9,,3,,,,,,3,1,,0,,,,,,20,1.3
183,Aldrick Rosas,2TM,27,,5,0,,,,,,,,,,,0,14,14,2,5,,20,4
184,Nelson Agholor,NWE,28,WR,15,13,,3,,,,,,3,,,0,,,,,,18,1.2
185,Giovani Bernard,TAM,30,,12,0,,3,,,,,,3,,,0,,,,,,18,1.5
186,Devontae Booker,NYG,29,,16,4,2,1,,,,,,3,,,0,,,,,,18,1.1
187,Matt Breida,BUF,26,,9,0,1,2,,,,,,3,,,0,,,,,,18,2
188,Harrison Bryant,CLE,23,te,16,3,,3,,,,,,3,,,0,,,,,,18,1.1
189,Rex Burkhead,HOU,31,rb,16,5,3,,,,,,,3,,,0,,,,,,18,1.1
190,Chris Carson,SEA,27,rb,4,4,3,,,,,,,3,,,0,,,,,,18,4.5
191,Tyler Conklin,MIN,26,TE,17,15,,3,,,,,,3,,,0,,,,,,18,1.1
192,Kenyan Drake,LVR,27,rb,12,2,2,1,,,,,,3,,,0,,,,,,18,1.5
193,Ashton Dulin,IND,24,wr,17,1,,2,,,1,,,3,,,0,,,,,,18,1.1
194,Devin Duvernay*+,BAL,24,wr,16,7,,2,,,1,,,3,,,0,,,,,,18,1.1
195,Bryan Edwards,LVR,23,WR,16,12,,3,,,,,,3,,,0,,,,,,18,1.1
196,Evan Engram,NYG,27,TE,15,12,,3,,,,,,3,,,0,,,,,,18,1.2
197,Anthony Firkser,TEN,26,te,15,1,,2,,,1,,,3,,,0,,,,,,18,1.2
198,D'Onta Foreman,TEN,25,rb,9,3,3,,,,,,,3,,,0,,,,,,18,2
199,Jimmy Garoppolo,SFO,30,QB,15,15,3,,,,,,,3,,,0,,,,,,18,1.2
200,Jakeem Grant*,2TM,29,,15,0,,2,1,,,,,3,,,0,,,,,,18,1.2
201,A.J. Green,ARI,33,wr,16,9,,3,,,,,,3,,,0,,,,,,18,1.1
202,Jalen Guyton,LAC,24,wr,16,2,,3,,,,,,3,,,0,,,,,,18,1.1
203,Deonte Harris,NOR,24,wr,13,1,,3,,,,,,3,,,0,,,,,,18,1.4
204,T.Y. Hilton,IND,32,wr,10,9,,3,,,,,,3,,,0,,,,,,18,1.8
205,Nyheim Hines,IND,25,rb,17,4,2,1,,,,,,3,,,0,,,,,,18,1.1
206,Jordan Howard,PHI,27,,7,0,3,,,,,,,3,,,0,,,,,,18,2.6
207,Hayden Hurst,ATL,28,te,13,5,,3,,,,,,3,,,0,,,,,,18,1.4
208,D'Ernest Johnson,CLE,25,rb,17,2,3,,,,,,,3,,,0,,,,,,18,1.1
209,Duke Johnson,MIA,28,rb,5,4,3,,,,,,,3,,,0,,,,,,18,3.6
210,Brevin Jordan,HOU,21,te,9,2,,3,,,,,,3,,,0,,,,,,18,2
211,Foster Moreau,LVR,24,TE,17,11,,3,,,,,,3,,,0,,,,,,18,1.1
212,Zach Pascal,IND,27,WR,16,13,,3,,,,,,3,,,0,,,,,,18,1.1
213,Donovan Peoples-Jones,CLE,22,wr,14,9,,3,,,,,,3,,,0,,,,,,18,1.3
214,Tony Pollard,DAL,24,,15,0,2,,,1,,,,3,,,0,,,,,,18,1.2
215,Demarcus Robinson,KAN,27,wr,17,10,,3,,,,,,3,,,0,,,,,,18,1.1
216,Aaron Rodgers*+,GNB,38,QB,16,16,3,,,,,,,3,,,0,,,,,,18,1.1
217,Ryan Santoso,2TM,26,,4,0,,,,,,,,,,,0,6,8,4,5,,18,4.5
218,Darius Slay*,PHI,30,CB,16,16,,,,,2,1,,3,,,0,,,,,,18,1.1
219,Tre'Quan Smith,NOR,25,wr,11,6,,3,,,,,,3,,,0,,,,,,18,1.6
220,Geoff Swaim,TEN,28,TE,16,16,,3,,,,,,3,,,0,,,,,,18,1.1
221,Tua Tagovailoa,MIA,23,QB,13,12,3,,,,,,,3,,,0,,,,,,18,1.4
222,Tyrod Taylor,HOU,32,qb,6,6,3,,,,,,,3,,,0,,,,,,18,3
223,Logan Thomas,WAS,30,te,6,6,,3,,,,,,3,,,0,,,,,,18,3
224,Malik Turner,DAL,25,,14,0,,3,,,,,,3,,,0,,,,,,18,1.3
225,Marquez Valdes-Scantling,GNB,27,wr,11,7,,3,,,,,,3,,,0,,,,,,18,1.6
226,Greg Ward,PHI,26,,17,0,,3,,,,,,3,,,0,,,,,,18,1.1
227,Antoine Wesley,ARI,24,wr,15,4,,3,,,,,,3,,,0,,,,,,18,1.2
228,Damien Williams,CHI,29,rb,12,2,2,1,,,,,,3,,,0,,,,,,18,1.5
229,Jamaal Williams,DET,26,RB,13,11,3,,,,,,,3,,,0,,,,,,18,1.4
230,Olamide Zaccheaus,ATL,24,wr,17,8,,3,,,,,,3,,,0,,,,,,18,1.1
231,Elliott Fry,2TM,27,,2,0,,,,,,,,,,,0,4,5,4,5,,16,8
232,Daniel Jones,NYG,24,QB,11,11,2,,,,,,,2,2,,0,,,,,,16,1.5
233,Jakobi Meyers,NWE,25,WR,17,16,,2,,,,,,2,2,,0,,,,,,16,0.9
234,Quintez Cephus,DET,23,wr,5,3,,2,,,,,,2,1,,0,,,,,,14,2.8
235,Jamison Crowder,NYJ,28,wr,12,4,,2,,,,,,2,1,,0,,,,,,14,1.2
236,Mike Gesicki,MIA,26,te,17,9,,2,,,,,,2,1,,0,,,,,,14,0.8
237,Patrick Mahomes*,KAN,26,QB,17,17,2,,,,,,,2,1,,0,,,,,,14,0.8
238,Elijhaa Penny,NYG,28,rb,17,3,1,1,,,,,,2,1,,0,,,,,,14,0.8
239,Courtland Sutton,DEN,26,WR,17,16,,2,,,,,,2,1,,0,,,,,,14,0.8
240,Tommy Tremble,CAR,21,TE,16,11,1,1,,,,,,2,1,,0,,,,,,14,0.9
241,Peyton Barber,LVR,27,rb,10,1,2,,,,,,,2,,,0,,,,,,12,1.2
242,Tom Brady*,TAM,44,,17,17,2,,,,,,,2,,,0,,,,,,12,0.7
243,Teddy Bridgewater,DEN,29,QB,14,14,2,,,,,,,2,,,0,,,,,,12,0.9
244,Joe Burrow,CIN,25,QB,16,16,2,,,,,,,2,,,0,,,,,,12,0.8
245,Kevin Byard*+,TEN,28,S,17,17,,,,,1,1,,2,,,0,,,,,,12,0.7
246,DJ Chark,JAX,25,wr,4,4,,2,,,,,,2,,,0,,,,,,12,3
247,Chase Claypool,PIT,23,WR,15,13,,2,,,,,,2,,,0,,,,,,12,0.8
248,Alex Collins,SEA,27,rb,11,6,2,,,,,,,2,,,0,,,,,,12,1.1
249,Chris Conley,HOU,29,wr,16,10,,2,,,,,,2,,,0,,,,,,12,0.8
250,DeeJay Dallas,SEA,23,,17,0,2,,,,,,,2,,,0,,,,,,12,0.7
251,Josiah Deguara,GNB,24,te,16,2,,2,,,,,,2,,,0,,,,,,12,0.8
252,Trevon Diggs*+,DAL,23,CB,16,16,,,,,,2,,2,,,0,,,,,,12,0.8
253,Rasul Douglas,GNB,27,cb,12,9,,,,,,2,,2,,,0,,,,,,12,1
254,Eric Ebron,PIT,28,,8,3,1,1,,,,,,2,,,0,,,,,,12,1.5
255,Chase Edmonds,ARI,25,RB,12,11,2,,,,,,,2,,,0,,,,,,12,1
256,Mike Edwards,TAM,25,s,14,4,,,,,,2,,2,,,0,,,,,,12,0.9
257,Chris Evans,CIN,24,rb,14,1,,2,,,,,,2,,,0,,,,,,12,0.9
258,Demetric Felton,CLE,23,rb,16,2,,2,,,,,,2,,,0,,,,,,12,0.8
259,Justin Fields,CHI,22,qb,12,10,2,,,,,,,2,,,0,,,,,,12,1
260,Isaiah Ford,MIA,25,wr,13,2,,2,,,,,,2,,,0,,,,,,12,0.9
261,Joe Fortson,KAN,26,,6,0,,2,,,,,,2,,,0,,,,,,12,2
262,Michael Gallup,DAL,25,wr,9,8,,2,,,,,,2,,,0,,,,,,12,1.3
263,Derrick Gore,KAN,27,,11,0,2,,,,,,,2,,,0,,,,,,12,1.1
264,Cyril Grayson,TAM,28,wr,5,3,,2,,,,,,2,,,0,,,,,,12,2.4
265,Ryan Griffin,NYJ,31,TE,14,12,,2,,,,,,2,,,0,,,,,,12,0.9
266,Mecole Hardman,KAN,23,wr,17,8,,2,,,,,,2,,,0,,,,,,12,0.7
267,Khalil Herbert,CHI,23,rb,17,2,2,,,,,,,2,,,0,,,,,,12,0.7
268,Dontrell Hilliard,TEN,26,rb,8,5,2,,,,,,,2,,,0,,,,,,12,1.5
269,Travis Homer,SEA,23,,14,0,1,,,1,,,,2,,,0,,,,,,12,0.9
270,Jesper Horsted,CHI,24,,7,0,,2,,,,,,2,,,0,,,,,,12,1.7
271,Xavien Howard*,MIA,28,CB,16,16,,,,,1,1,,2,,,0,,,,,,12,0.8
272,Lil'Jordan Humphrey,NOR,23,wr,10,4,,2,,,,,,2,,,0,,,,,,12,1.2
273,Tyler Huntley,BAL,23,qb,7,4,2,,,,,,,2,,,0,,,,,,12,1.7
274,Mark Ingram,2TM,32,,14,10,2,,,,,,,2,,,0,,,,,,12,0.9
275,DeSean Jackson,2TM,35,,16,4,,2,,,,,,2,,,0,,,,,,12,0.8
276,Justin Jackson,LAC,25,rb,14,2,2,,,,,,,2,,,0,,,,,,12,0.9
277,Lamar Jackson*,BAL,24,QB,12,12,2,,,,,,,2,,,0,,,,,,12,1
278,Blake Jarwin,DAL,27,te,8,5,,2,,,,,,2,,,0,,,,,,12,1.5
279,Jermar Jefferson,DET,21,,7,0,2,,,,,,,2,,,0,,,,,,12,1.7
280,Kyle Juszczyk*,SFO,30,FB,17,16,1,1,,,,,,2,,,0,,,,,,12,0.7
281,Trevor Lawrence,JAX,22,QB,17,17,2,,,,,,,2,,,0,,,,,,12,0.7
282,Phillip Lindsay,2TM,27,,14,1,1,1,,,,,,2,,,0,,,,,,12,0.9
283,Drew Lock,DEN,25,qb,6,3,2,,,,,,,2,,,0,,,,,,12,2
284,Christian McCaffrey,CAR,25,rb,7,7,1,1,,,,,,2,,,0,,,,,,12,1.7
285,Isaiah McKenzie,BUF,26,wr,15,2,1,1,,,,,,2,,,0,,,,,,12,0.8
286,Chris Moore,HOU,28,wr,12,1,,2,,,,,,2,,,0,,,,,,12,1
287,Kene Nwangwu,MIN,23,,11,0,,,,2,,,,2,,,0,,,,,,12,1.1
288,Dare Ogunbowale,JAX,27,rb,17,2,1,1,,,,,,2,,,0,,,,,,12,0.7
289,Albert Okwuegbunam,DEN,23,te,14,6,,2,,,,,,2,,,0,,,,,,12,0.9
290,DeVante Parker,MIA,28,wr,10,8,,2,,,,,,2,,,0,,,,,,12,1.2
291,Jaret Patterson,WAS,22,rb,17,1,2,,,,,,,2,,,0,,,,,,12,0.7
292,Samaje Perine,CIN,26,,16,0,1,1,,,,,,2,,,0,,,,,,12,0.8
293,Adrian Peterson,2TM,36,,4,3,2,,,,,,,2,,,0,,,,,,12,3
294,Jalen Reagor,PHI,22,WR,17,13,,2,,,,,,2,,,0,,,,,,12,0.7
295,Josh Reynolds,2TM,26,,12,5,,2,,,,,,2,,,0,,,,,,12,1
296,Calvin Ridley,ATL,27,wr,5,5,,2,,,,,,2,,,0,,,,,,12,2.4
297,Henry Ruggs III,LVR,22,,7,7,,2,,,,,,2,,,0,,,,,,12,1.7
298,Ricky Seals-Jones,WAS,26,te,13,6,,2,,,,,,2,,,0,,,,,,12,0.9
299,Cam Sims,WAS,25,wr,14,3,,2,,,,,,2,,,0,,,,,,12,0.9
300,Darius Slayton,NYG,24,wr,13,5,,2,,,,,,2,,,0,,,,,,12,0.9
301,Ihmir Smith-Marsette,MIN,22,wr,8,1,,2,,,,,,2,,,0,,,,,,12,1.5
302,E.J. Speed,IND,26,lb,17,1,,,,,,,2,2,,,0,,,,,,12,0.7
303,J.J. Taylor,NWE,23,,5,0,2,,,,,,,2,,,0,,,,,,12,2.4
304,Robert Tonyan,GNB,27,te,8,5,,2,,,,,,2,,,0,,,,,,12,1.5
305,Adam Trautman,NOR,24,te,13,10,,2,,,,,,2,,,0,,,,,,12,0.9
306,Ke'Shawn Vaughn,TAM,24,rb,12,1,2,,,,,,,2,,,0,,,,,,12,1
307,Darren Waller,LVR,29,TE,11,11,,2,,,,,,2,,,0,,,,,,12,1.1
308,James Washington,PIT,25,wr,15,2,,2,,,,,,2,,,0,,,,,,12,0.8
309,Kristian Wilkerson,NWE,24,wr,3,1,,2,,,,,,2,,,0,,,,,,12,4
310,Jeff Wilson,SFO,26,rb,9,4,2,,,,,,,2,,,0,,,,,,12,1.3
311,Russell Wilson*,SEA,33,QB,14,14,2,,,,,,,2,,,0,,,,,,12,0.9
312,Brock Wright,DET,23,te,10,5,,2,,,,,,2,,,0,,,,,,12,1.2
313,Dominik Eberle,HOU,25,k,1,0,,,,,,,,,,,0,5,5,2,3,,11,11
314,Cole Beasley,BUF,32,wr,16,8,,1,,,,,,1,1,,0,,,,,,8,0.5
315,Chris Blewitt,WAS,26,k,2,0,,,,,,,,,,,0,2,2,2,5,,8,4
316,Damiere Byrd,CHI,28,wr,17,4,,1,,,,,,1,1,,0,,,,,,8,0.5
317,Taylor Heinicke,WAS,28,QB,16,15,1,,,,,,,1,1,,0,,,,,,8,0.5
318,Andy Janovich,CLE,28,fb,13,3,1,,,,,,,1,1,,0,,,,,,8,0.6
319,Trey Lance,SFO,21,qb,6,2,1,,,,,,,1,1,,0,,,,,,8,1.3
320,Dak Prescott,DAL,28,QB,16,16,1,,,,,,,1,1,,0,,,,,,8,0.5
321,Allen Robinson,CHI,28,WR,12,11,,1,,,,,,1,1,,0,,,,,,8,0.7
322,Kyle Rudolph,NYG,32,,16,13,,1,,,,,,1,1,,0,,,,,,8,0.5
323,Matt Ryan,ATL,36,QB,17,17,1,,,,,,,1,1,,0,,,,,,8,0.5
324,Quez Watkins,PHI,23,WR,17,12,,1,,,,,,1,1,,0,,,,,,8,0.5
325,Ameer Abdullah,2TM,28,,17,1,,1,,,,,,1,,,0,,,,,,6,0.4
326,Zach Allen,ARI,24,DE,15,14,,,,,1,,,1,,,0,,,,,,6,0.4
327,Stephen Anderson,LAC,28,te,17,4,,1,,,,,,1,,,0,,,,,,6,0.4
328,Alex Armah,2TM,27,,11,2,,1,,,,,,1,,,0,,,,,,6,0.5
329,Dorance Armstrong Jr.,DAL,24,de,13,5,,,,,1,,,1,,,0,,,,,,6,0.5
330,Antony Auclair,HOU,28,TE,16,13,,1,,,,,,1,,,0,,,,,,6,0.4
331,Tavon Austin,JAX,31,wr,13,3,,1,,,,,,1,,,0,,,,,,6,0.5
332,Rashod Bateman,BAL,22,wr,12,4,,1,,,,,,1,,,0,,,,,,6,0.5
333,John Bates,WAS,24,te,17,8,,1,,,,,,1,,,0,,,,,,6,0.4
334,Cameron Batson,TEN,26,,4,0,,1,,,,,,1,,,0,,,,,,6,1.5
335,Eno Benjamin,ARI,22,,9,0,1,,,,,,,1,,,0,,,,,,6,0.7
336,Nick Bolton,KAN,21,LB,16,12,,,,,1,,,1,,,0,,,,,,6,0.4
337,Jacoby Brissett,MIA,29,qb,11,5,1,,,,,,,1,,,0,,,,,,6,0.5
338,Anthony Brown,DAL,28,CB,16,16,,,,,,1,,1,,,0,,,,,,6,0.4
339,Malcolm Brown,MIA,28,rb,7,3,1,,,,,,,1,,,0,,,,,,6,0.9
340,Michael Burton,KAN,29,,16,0,1,,,,,,,1,,,0,,,,,,6,0.4
341,Jason Cabinda,DET,25,fb,14,4,,1,,,,,,1,,,0,,,,,,6,0.4
342,Parris Campbell,IND,24,wr,6,3,,1,,,,,,1,,,0,,,,,,6,1
343,Tevaughn Campbell,LAC,28,cb,16,7,,,,,1,,,1,,,0,,,,,,6,0.4
344,Chuck Clark,BAL,26,S,16,16,,,,,,1,,1,,,0,,,,,,6,0.4
345,Corey Clement,DAL,27,,17,0,,1,,,,,,1,,,0,,,,,,6,0.4
346,Keelan Cole,NYJ,28,WR,15,11,,1,,,,,,1,,,0,,,,,,6,0.4
347,Justin Coleman,MIA,28,cb,16,4,,,,,,,1,1,,,0,,,,,,6,0.4
348,Nico Collins,HOU,22,wr,14,8,,1,,,,,,1,,,0,,,,,,6,0.4
349,Kirk Cousins*,MIN,33,QB,16,16,1,,,,,,,1,,,0,,,,,,6,0.4
350,Fletcher Cox,PHI,31,DT,16,16,,,,,1,,,1,,,0,,,,,,6,0.4
351,Marlon Davidson,ATL,23,de,11,1,,,,,,1,,1,,,0,,,,,,6,0.5
352,Taylor Decker,DET,28,t,9,9,,1,,,,,,1,,,0,,,,,,6,0.7
353,Will Dissly,SEA,25,TE,15,14,,1,,,,,,1,,,0,,,,,,6,0.4
354,Ross Dwelley,SFO,26,te,17,2,,1,,,,,,1,,,0,,,,,,6,0.4
355,Brandin Echols,NYJ,24,CB,14,14,,,,,,1,,1,,,0,,,,,,6,0.4
356,Samuel Eguavoen,MIA,28,,17,0,,,,,1,,,1,,,0,,,,,,6,0.4
357,D'Wayne Eskridge,SEA,24,,10,0,,1,,,,,,1,,,0,,,,,,6,0.6
358,Dez Fitzpatrick,TEN,24,,4,0,,1,,,,,,1,,,0,,,,,,6,1.5
359,Myles Garrett*+,CLE,26,DE,17,17,,,,,1,,,1,,,0,,,,,,6,0.4
360,Ulysees Gilbert,PIT,24,,17,0,,,,,,,1,1,,,0,,,,,,6,0.4
361,Mike Glennon,NYG,32,qb,6,4,1,,,,,,,1,,,0,,,,,,6,1
362,Chauncey Golston,DAL,23,,15,0,,,,,,,1,1,,,0,,,,,,6,0.4
363,Marquise Goodwin,CHI,31,wr,14,2,,1,,,,,,1,,,0,,,,,,6,0.4
364,Josh Gordon,KAN,30,wr,12,7,,1,,,,,,1,,,0,,,,,,6,0.5
365,Noah Gray,KAN,22,te,16,1,,1,,,,,,1,,,0,,,,,,6,0.4
366,Dre Greenlaw,SFO,24,lb,3,2,,,,,,1,,1,,,0,,,,,,6,2
367,JaQuan Hardy,DAL,24,,3,0,1,,,,,,,1,,,0,,,,,,6,2
368,Jamycal Hasty,SFO,25,,11,0,1,,,,,,,1,,,0,,,,,,6,0.5
369,Trayvon Henderson,CIN,26,,2,0,,,,,1,,,1,,,0,,,,,,6,3
370,Chris Herndon,MIN,25,te,16,5,,1,,,,,,1,,,0,,,,,,6,0.4
371,Rashard Higgins,CLE,27,wr,15,4,,1,,,,,,1,,,0,,,,,,6,0.4
372,Mike Hilton,CIN,27,cb,17,9,,,,,,1,,1,,,0,,,,,,6,0.4
373,Kendall Hinton,DEN,24,wr,16,1,,1,,,,,,1,,,0,,,,,,6,0.4
374,Chris Hogan,NOR,34,,5,1,,1,,,,,,1,,,0,,,,,,6,1.2
375,Cole Holcomb,WAS,25,LB,16,16,,,,,,1,,1,,,0,,,,,,6,0.4
376,Jacob Hollister,JAX,28,te,7,2,,1,,,,,,1,,,0,,,,,,6,0.9
377,DeAndre Houston-Carson,CHI,28,db,13,3,,,,,1,,,1,,,0,,,,,,6,0.5
378,O.J. Howard,TAM,27,te,17,9,,1,,,,,,1,,,0,,,,,,6,0.4
379,Mike Hughes,KAN,24,cb,17,5,,,,,1,,,1,,,0,,,,,,6,0.4
380,Carlos Hyde,JAX,31,rb,12,2,1,,,,,,,1,,,0,,,,,,6,0.5
381,Micah Hyde,BUF,31,S,17,17,,,,,,1,,1,,,0,,,,,,6,0.4
382,Godwin Igwebuike,DET,27,rb,17,1,1,,,,,,,1,,,0,,,,,,6,0.4
383,Alec Ingold,LVR,25,fb,9,3,,1,,,,,,1,,,0,,,,,,6,0.7
384,Deon Jackson,IND,22,,9,0,1,,,,,,,1,,,0,,,,,,6,0.7
385,J.C. Jackson*,NWE,26,DB,17,17,,,,,,1,,1,,,0,,,,,,6,0.4
386,Tyree Jackson,PHI,24,te,9,3,,1,,,,,,1,,,0,,,,,,6,0.7
387,Jesse James,CHI,27,te,14,9,,1,,,,,,1,,,0,,,,,,6,0.4
388,Malcolm Jenkins,NOR,34,SS,16,16,,,,,,1,,1,,,0,,,,,,6,0.4
389,David Johnson,HOU,30,rb,13,4,,1,,,,,,1,,,0,,,,,,6,0.5
390,Lane Johnson,PHI,31,T,13,13,,1,,,,,,1,,,0,,,,,,6,0.5
391,Julio Jones,TEN,32,wr,10,10,,1,,,,,,1,,,0,,,,,,6,0.6
392,Zay Jones,LVR,26,wr,17,9,,1,,,,,,1,,,0,,,,,,6,0.4
393,Tyler Kroft,NYJ,29,te,9,6,,1,,,,,,1,,,0,,,,,,6,0.7
394,DeMarcus Lawrence,DAL,29,de,7,7,,,,,,1,,1,,,0,,,,,,6,0.9
395,Chris Manhertz,JAX,29,te,17,10,,1,,,,,,1,,,0,,,,,,6,0.4
396,Marcus Mariota,LVR,28,,10,0,1,,,,,,,1,,,0,,,,,,6,0.6
397,Tyrann Mathieu*,KAN,29,S,16,16,,,,,,1,,1,,,0,,,,,,6,0.4
398,Baker Mayfield,CLE,26,QB,14,14,1,,,,,,,1,,,0,,,,,,6,0.4
399,Bobby McCain,WAS,28,CB,17,16,,,,,,1,,1,,,0,,,,,,6,0.4
400,Conor McDermott,NYJ,29,ol,6,3,,1,,,,,,1,,,0,,,,,,6,1
401,Sean McKeon,DAL,24,te,9,2,,1,,,,,,1,,,0,,,,,,6,0.7
402,Xavier McKinney,NYG,22,S,17,16,,,,,,1,,1,,,0,,,,,,6,0.4
403,Jerick McKinnon,KAN,29,,13,0,,1,,,,,,1,,,0,,,,,,6,0.5
404,Jeremy McNichols,TEN,26,,14,0,,1,,,,,,1,,,0,,,,,,6,0.4
405,Anthony Miller,2TM,27,,3,1,,1,,,,,,1,,,0,,,,,,6,2
406,Scott Miller,TAM,24,,9,0,1,,,,,,,1,,,0,,,,,,6,0.7
407,Elijah Molden,TEN,22,cb,16,7,,,,,,1,,1,,,0,,,,,,6,0.4
408,Rondale Moore,ARI,21,wr,14,7,,1,,,,,,1,,,0,,,,,,6,0.4
409,Byron Murphy,ARI,23,CB,16,16,,,,,,1,,1,,,0,,,,,,6,0.4
410,Chris Myarick,NYG,26,te,8,3,,1,,,,,,1,,,0,,,,,,6,0.8
411,Nik Needham,MIA,25,cb,17,5,,,,,,1,,1,,,0,,,,,,6,0.4
412,Qadree Ollison,ATL,25,,8,0,1,,,,,,,1,,,0,,,,,,6,0.8
413,Dezmon Patmon,IND,23,,8,0,,1,,,,,,1,,,0,,,,,,6,0.8
414,Breshad Perriman,TAM,28,,6,0,,1,,,,,,1,,,0,,,,,,6,1
415,Patrick Peterson,MIN,31,CB,13,13,,,,,,1,,1,,,0,,,,,,6,0.5
416,Dante Pettis,NYG,26,,3,0,,1,,,,,,1,,,0,,,,,,6,2
417,Adrian Phillips,NWE,29,DB,17,13,,,,,,1,,1,,,0,,,,,,6,0.4
418,Danny Pinter,IND,25,g,16,3,,1,,,,,,1,,,0,,,,,,6,0.4
419,Kyle Pitts*,ATL,21,TE,17,15,,1,,,,,,1,,,0,,,,,,6,0.4
420,Brandon Powell,LAR,26,,6,0,,,1,,,,,1,,,0,,,,,,6,1
421,Patrick Ricard*,BAL,27,FB,13,11,,1,,,,,,1,,,0,,,,,,6,0.5
422,Will Richardson,JAX,25,ol,13,2,,,,,1,,,1,,,0,,,,,,6,0.5
423,Andre Roberts,2TM,33,,16,0,,,,1,,,,1,,,0,,,,,,6,0.4
424,Elandon Roberts,MIA,27,LB,17,15,,,,,,1,,1,,,0,,,,,,6,0.4
425,Kenny Robinson Jr.,CAR,22,s,10,1,,,,,,,1,1,,,0,,,,,,6,0.6
426,Ben Roethlisberger,PIT,39,,16,16,1,,,,,,,1,,,0,,,,,,6,0.4
427,Chester Rogers,TEN,27,wr,16,2,,1,,,,,,1,,,0,,,,,,6,0.4
428,John Ross,NYG,26,wr,10,1,,1,,,,,,1,,,0,,,,,,6,0.6
429,Larry Rountree,LAC,22,,12,0,1,,,,,,,1,,,0,,,,,,6,0.5
430,Eric Saubert,DEN,27,te,17,4,,1,,,,,,1,,,0,,,,,,6,0.4
431,Anthony Schwartz,CLE,21,wr,14,2,,1,,,,,,1,,,0,,,,,,6,0.4
432,Trey Sermon,SFO,22,rb,9,2,1,,,,,,,1,,,0,,,,,,6,0.7
433,Sterling Shepard,NYG,28,wr,7,6,,1,,,,,,1,,,0,,,,,,6,0.9
434,Trent Sherfield,SFO,25,wr,17,1,,1,,,,,,1,,,0,,,,,,6,0.4
435,Trevor Siemian,NOR,30,qb,6,4,1,,,,,,,1,,,0,,,,,,6,1
436,Alex Singleton,PHI,28,lb,16,8,,,,,,1,,1,,,0,,,,,,6,0.4
437,Geno Smith,SEA,31,qb,4,3,1,,,,,,,1,,,0,,,,,,6,1.5
438,Ito Smith,DAL,26,,1,0,1,,,,,,,1,,,0,,,,,,6,6
439,Jonnu Smith,NWE,26,TE,16,11,,1,,,,,,1,,,0,,,,,,6,0.4
440,Lee Smith,ATL,34,,16,6,,1,,,,,,1,,,0,,,,,,6,0.4
441,Roquan Smith,CHI,24,LB,17,17,,,,,,1,,1,,,0,,,,,,6,0.4
442,Tremon Smith,HOU,25,db,17,2,,,,1,,,,1,,,0,,,,,,6,0.4
443,JuJu Smith-Schuster,PIT,25,,5,5,1,,,,,,,1,,,0,,,,,,6,1.2
444,Daniel Sorensen,KAN,31,s,17,7,,,,,,1,,1,,,0,,,,,,6,0.4
445,Johnny Stanton,CLE,27,,4,0,,1,,,,,,1,,,0,,,,,,6,1.5
446,Terence Steele,DAL,24,T,16,13,,1,,,,,,1,,,0,,,,,,6,0.4
447,Kenny Stills,NOR,29,wr,13,4,,1,,,,,,1,,,0,,,,,,6,0.5
448,Patrick Surtain II,DEN,21,CB,16,15,,,,,,1,,1,,,0,,,,,,6,0.4
449,Tommy Sweeney,BUF,26,te,13,3,,1,,,,,,1,,,0,,,,,,6,0.5
450,Auden Tate,CIN,24,,7,0,,1,,,,,,1,,,0,,,,,,6,0.9
451,Patrick Taylor,GNB,23,,9,0,1,,,,,,,1,,,0,,,,,,6,0.7
452,Andrew Thomas,NYG,22,T,13,13,,1,,,,,,1,,,0,,,,,,6,0.5
453,Tavierre Thomas,HOU,25,db,17,8,,,,,,1,,1,,,0,,,,,,6,0.4
454,Laquon Treadwell,JAX,26,wr,12,7,,1,,,,,,1,,,0,,,,,,6,0.5
455,Mitchell Trubisky,BUF,27,,6,0,1,,,,,,,1,,,0,,,,,,6,1
456,Kyle Van Noy,NWE,30,,16,8,,,,,,1,,1,,,0,,,,,,6,0.4
457,Nick Vannett,NOR,28,te,7,2,,1,,,,,,1,,,0,,,,,,6,0.9
458,Nick Vigil,MIN,28,LB,16,12,,,,,,1,,1,,,0,,,,,,6,0.4
459,Mykal Walker,ATL,24,lb,17,2,,,,,,1,,1,,,0,,,,,,6,0.4
460,Austin Walter,NYJ,25,,4,0,1,,,,,,,1,,,0,,,,,,6,1.5
461,Denzel Ward*,CLE,24,CB,15,15,,,,,,1,,1,,,0,,,,,,6,0.4
462,Jimmie Ward,SFO,30,DB,16,16,,,,,,1,,1,,,0,,,,,,6,0.4
463,Carlos Watkins,DAL,28,DE,15,14,,,,,,1,,1,,,0,,,,,,6,0.4
464,Sammy Watkins,BAL,28,wr,13,9,,1,,,,,,1,,,0,,,,,,6,0.5
465,Carson Wentz,IND,29,QB,17,17,1,,,,,,,1,,,0,,,,,,6,0.4
466,James White,NWE,29,,3,0,1,,,,,,,1,,,0,,,,,,6,2
467,Christian Wilkins,MIA,26,DT,17,17,,1,,,,,,1,,,0,,,,,,6,0.4
468,Jonathan Williams,WAS,27,,5,0,1,,,,,,,1,,,0,,,,,,6,1.2
469,Maxx Williams,ARI,27,te,5,5,,1,,,,,,1,,,0,,,,,,6,1.2
470,P.J. Williams,NOR,28,cb,16,5,,,,,,1,,1,,,0,,,,,,6,0.4
471,Ty'Son Williams,BAL,25,rb,13,3,1,,,,,,,1,,,0,,,,,,6,0.5
472,Jameis Winston,NOR,27,qb,7,7,1,,,,,,,1,,,0,,,,,,6,0.9
473,Nahshon Wright,DAL,23,cb,13,1,,,,,,,1,1,,,0,,,,,,6,0.5
474,Brandon Zylstra,CAR,28,wr,13,3,,1,,,,,,1,,,0,,,,,,6,0.5
475,Josh Lambo,JAX,31,,3,0,,,,,,,,,,,0,5,7,,3,,5,1.7
476,Chris Naggar,CLE,24,k,1,0,,,,,,,,,,,0,1,2,1,1,,4,4
477,Cody Parkey,NOR,29,,1,0,,,,,,,,,,,0,3,5,,,,3,3
478,Dan Arnold,2TM,26,,11,4,,,,,,,,,1,,0,,,,,,2,0.2
479,Will Fuller,MIA,27,,2,0,,,,,,,,,1,,0,,,,,,2,1
480,Rasheem Green,SEA,24,DE,17,16,,,,,,,,,,,1,,,,,,2,0.1
481,Casey Hayward,LVR,32,CB,17,17,,,,,,,,,,,0,,,,,1,2,0.1
482,KhaDarel Hodge,DET,26,wr,16,1,,,,,,,,,1,,0,,,,,,2,0.1
483,Josh Johnson,2TM,35,,4,1,,,,,,,,,1,,0,,,,,,2,0.5
484,Jordan Love,GNB,23,qb,6,1,,,,,,,,,1,,0,,,,,,2,0.3
485,Terrace Marshall Jr.,CAR,21,wr,13,3,,,,,,,,,1,,0,,,,,,2,0.2
486,Jacob Martin,HOU,26,DE,17,14,,,,,,,,,,,0,,,,,1,2,0.1
487,Davis Mills,HOU,23,QB,13,11,,,,,,,,,1,,0,,,,,,2,0.2
488,James O'Shaughnessy,JAX,29,te,7,6,,,,,,,,,1,,0,,,,,,2,0.3
489,Miles Sanders,PHI,24,RB,12,12,,,,,,,,,1,,0,,,,,,2,0.2
490,Mike White,NYJ,26,qb,4,3,,,,,,,,,1,,0,,,,,,2,0.5
491,Mitch Wishnowsky,SFO,29,p,17,0,,,,,,,,,,,0,1,2,,1,,1,0.1
