Rk,Player,Tm,Age,Pos,G,GS,Tgt,Rec,Ctch%,Yds,Y/R,TD,1D,Lng,Y/Tgt,R/G,Y/G,Fmb
1,Cooper Kupp*+,LAR,28,WR,17,17,191,145,75.90%,1947,13.4,16,89,59,10.2,8.5,114.5,0
2,Davante Adams*+,GNB,29,WR,16,16,169,123,72.80%,1553,12.6,11,84,59,9.2,7.7,97.1,0
3,Tyreek Hill*,KAN,27,WR,17,16,159,111,69.80%,1239,11.2,9,75,75,7.8,6.5,72.9,2
4,Justin Jefferson*,MIN,22,WR,17,17,167,108,64.70%,1616,15,10,75,56,9.7,6.4,95.1,1
5,Mark Andrews*+,BAL,26,te,17,9,153,107,69.90%,1361,12.7,9,75,43,8.9,6.3,80.1,1
6,Diontae Johnson*,PIT,25,WR,16,14,169,107,63.30%,1161,10.9,8,59,50,6.9,6.7,72.6,2
7,Keenan Allen*,LAC,29,WR,16,16,157,106,67.50%,1138,10.7,6,66,42,7.2,6.6,71.1,1
8,Jaylen Waddle,MIA,23,WR,16,16,140,104,74.30%,1015,9.8,6,59,57,7.3,6.5,63.4,2
9,Stefon Diggs*,BUF,28,WR,17,17,164,103,62.80%,1225,11.9,10,66,61,7.5,6.1,72.1,1
10,Hunter Renfrow*,LVR,26,wr,17,9,128,103,80.50%,1038,10.1,9,51,54,8.1,6.1,61.1,5
11,Chris Godwin,TAM,25,WR,14,14,127,98,77.20%,1103,11.3,5,55,44,8.7,7,78.8,2
12,D.J. Moore,CAR,24,WR,17,17,163,93,57.10%,1157,12.4,4,60,64,7.1,5.5,68.1,1
13,Travis Kelce*,KAN,32,TE,16,16,134,92,68.70%,1125,12.2,9,63,69,8.4,5.8,70.3,1
14,Marquise Brown,BAL,24,WR,16,16,146,91,62.30%,1008,11.1,6,41,49,6.9,5.7,63,3
15,Brandin Cooks,HOU,28,WR,16,16,134,90,67.20%,1037,11.5,6,45,52,7.7,5.6,64.8,0
16,Amon-Ra St. Brown,DET,22,wr,17,9,119,90,75.60%,912,10.1,5,48,37,7.7,5.3,53.6,0
17,Michael Pittman Jr.,IND,24,WR,17,17,129,88,68.20%,1082,12.3,6,54,57,8.4,5.2,63.6,1
18,Jakobi Meyers,NWE,25,WR,17,16,126,83,65.90%,866,10.4,2,42,39,6.9,4.9,50.9,1
19,Cole Beasley,BUF,32,wr,16,8,112,82,73.20%,693,8.5,1,34,29,6.2,5.1,43.3,1
20,Ja'Marr Chase*,CIN,21,WR,17,17,128,81,63.30%,1455,18,13,56,82,11.4,4.8,85.6,2
21,Darnell Mooney,CHI,24,WR,17,14,140,81,57.90%,1055,13,4,49,64,7.5,4.8,62.1,0
22,CeeDee Lamb*,DAL,22,WR,16,13,120,79,65.80%,1102,13.9,6,54,49,9.2,4.9,68.9,0
23,Dalton Schultz,DAL,25,TE,17,15,104,78,75.00%,808,10.4,8,43,32,7.8,4.6,47.5,0
24,Christian Kirk,ARI,25,WR,17,11,103,77,74.80%,982,12.8,5,44,50,9.5,4.5,57.8,0
25,Terry McLaurin,WAS,26,WR,17,17,130,77,59.20%,1053,13.7,5,47,46,8.1,4.5,61.9,0
26,Deebo Samuel*+,SFO,25,WR,16,15,121,77,63.60%,1405,18.2,6,51,83,11.6,4.8,87.8,4
27,Mike Williams,LAC,27,WR,16,14,129,76,58.90%,1146,15.1,9,51,72,8.9,4.8,71.6,0
28,D.K. Metcalf,SEA,24,WR,17,17,129,75,58.10%,967,12.9,12,48,84,7.5,4.4,56.9,1
29,Zach Ertz,2TM,31,,17,14,112,74,66.10%,763,10.3,5,40,47,6.8,4.4,44.9,0
30,Mike Evans*,TAM,28,WR,16,16,114,74,64.90%,1035,14,14,56,46,9.1,4.6,64.7,0
31,Najee Harris*,PIT,23,RB,17,17,94,74,78.70%,467,6.3,3,22,25,5,4.4,27.5,0
32,Tee Higgins,CIN,22,WR,14,14,110,74,67.30%,1091,14.7,6,53,54,9.9,5.3,77.9,1
33,Mike Gesicki,MIA,26,te,17,9,112,73,65.20%,780,10.7,2,39,40,7,4.3,45.9,0
34,Marvin Jones,JAX,31,WR,17,16,120,73,60.80%,832,11.4,4,42,33,6.9,4.3,48.9,0
35,Tyler Lockett,SEA,29,WR,16,16,107,73,68.20%,1175,16.1,8,41,69,11,4.6,73.4,0
36,George Kittle*,SFO,28,TE,14,14,94,71,75.50%,910,12.8,6,42,48,9.7,5.1,65,2
37,Austin Ekeler,LAC,26,RB,16,16,94,70,74.50%,647,9.2,8,31,40,6.9,4.4,40.4,4
38,Leonard Fournette,TAM,26,RB,14,13,84,69,82.10%,454,6.6,2,30,23,5.4,4.9,32.4,1
39,Amari Cooper,DAL,27,WR,15,14,104,68,65.40%,865,12.7,8,45,41,8.3,4.5,57.7,1
40,Noah Fant,DEN,24,TE,16,16,90,68,75.60%,670,9.9,4,29,35,7.4,4.3,41.9,0
41,Kyle Pitts*,ATL,21,TE,17,15,110,68,61.80%,1026,15.1,1,43,61,9.3,4,60.4,0
42,Tyler Boyd,CIN,27,wr,16,10,94,67,71.30%,828,12.4,5,37,68,8.8,4.2,51.8,1
43,Adam Thielen,MIN,31,WR,13,13,95,67,70.50%,726,10.8,10,37,35,7.6,5.2,55.8,1
44,Russell Gage,ATL,25,wr,14,9,94,66,70.20%,770,11.7,4,37,49,8.2,4.7,55,2
45,DeVonta Smith,PHI,23,WR,17,16,104,64,61.50%,916,14.3,5,43,46,8.8,3.8,53.9,1
46,A.J. Brown,TEN,24,WR,13,13,105,63,60.00%,869,13.8,5,45,57,8.3,4.8,66.8,0
47,Laviska Shenault Jr.,JAX,23,wr,16,10,100,63,63.00%,619,9.8,0,30,58,6.2,3.9,38.7,1
48,D'Andre Swift,DET,22,rb,13,4,78,62,79.50%,452,7.3,2,18,63,5.8,4.8,34.8,2
49,Tyler Conklin,MIN,26,TE,17,15,87,61,70.10%,593,9.7,3,26,40,6.8,3.6,34.9,1
50,Tyler Higbee,LAR,28,TE,15,15,85,61,71.80%,560,9.2,5,33,37,6.6,4.1,37.3,1
51,T.J. Hockenson,DET,24,TE,12,12,84,61,72.60%,583,9.6,4,32,33,6.9,5.1,48.6,0
52,Pat Freiermuth,PIT,23,te,16,9,79,60,75.90%,497,8.3,7,34,24,6.3,3.8,31.1,1
53,Cole Kmet,CHI,22,TE,17,17,93,60,64.50%,612,10.2,0,29,25,6.6,3.5,36,0
54,Chase Claypool,PIT,23,WR,15,13,105,59,56.20%,860,14.6,2,35,59,8.2,3.9,57.3,0
55,Mecole Hardman,KAN,23,wr,17,8,83,59,71.10%,693,11.7,2,33,53,8.3,3.5,40.8,3
56,Courtland Sutton,DEN,26,WR,17,16,98,58,59.20%,776,13.4,2,35,55,7.9,3.4,45.6,0
57,Brandon Aiyuk,SFO,23,WR,17,16,84,56,66.70%,826,14.8,5,37,43,9.8,3.3,48.6,2
58,Dallas Goedert,PHI,26,TE,15,14,76,56,73.70%,830,14.8,4,42,45,10.9,3.7,55.3,1
59,Kendrick Bourne,NWE,26,wr,17,5,70,55,78.60%,800,14.5,5,27,75,11.4,3.2,47.1,1
60,Rob Gronkowski,TAM,32,TE,12,12,89,55,61.80%,802,14.6,6,34,42,9,4.6,66.8,0
61,Darren Waller,LVR,29,TE,11,11,93,55,59.10%,665,12.1,2,31,33,7.2,5,60.5,0
62,A.J. Green,ARI,33,wr,16,9,92,54,58.70%,848,15.7,3,37,42,9.2,3.4,53,0
63,Josh Jacobs,LVR,23,RB,15,14,64,54,84.40%,348,6.4,0,14,29,5.4,3.6,23.2,2
64,Rondale Moore,ARI,21,wr,14,7,64,54,84.40%,435,8.1,1,18,77,6.8,3.9,31.1,3
65,Robby Anderson,CAR,28,WR,17,16,110,53,48.20%,519,9.8,5,27,57,4.7,3.1,30.5,0
66,Tim Patrick,DEN,28,WR,16,16,85,53,62.40%,734,13.8,5,39,44,8.6,3.3,45.9,0
67,Aaron Jones,GNB,27,RB,15,15,65,52,80.00%,391,7.5,6,22,26,6,3.5,26.1,2
68,Jarvis Landry,CLE,29,WR,12,12,87,52,59.80%,570,11,2,30,38,6.6,4.3,47.5,3
69,Cordarrelle Patterson,ATL,30,RB,16,13,69,52,75.40%,548,10.5,5,26,64,7.9,3.3,34.3,2
70,Jamison Crowder,NYJ,28,wr,12,4,71,51,71.80%,447,8.8,2,24,29,6.3,4.3,37.3,1
71,Hunter Henry,NWE,27,te,17,10,75,50,66.70%,603,12.1,9,34,35,8,2.9,35.5,0
72,Van Jefferson,LAR,25,WR,17,17,89,50,56.20%,802,16,6,32,79,9,2.9,47.2,0
73,K.J. Osborn,MIN,24,wr,17,9,82,50,61.00%,655,13.1,7,26,64,8,2.9,38.5,0
74,Myles Gaskin,MIA,24,rb,17,10,63,49,77.80%,234,4.8,4,13,24,3.7,2.9,13.8,2
75,Dawson Knox,BUF,25,TE,15,14,71,49,69.00%,587,12,9,31,53,8.3,3.3,39.1,0
76,C.J. Uzomah,CIN,28,TE,16,16,63,49,77.80%,493,10.1,5,24,55,7.8,3.1,30.8,0
77,Jared Cook,LAC,34,te,16,10,83,48,57.80%,564,11.8,4,31,42,6.8,3,35.3,0
78,Gerald Everett,SEA,27,,15,12,63,48,76.20%,478,10,4,26,41,7.6,3.2,31.9,2
79,Kalif Raymond,DET,27,WR,16,14,71,48,67.60%,576,12,4,28,75,8.1,3,36,0
80,Ezekiel Elliott,DAL,26,RB,17,17,65,47,72.30%,287,6.1,2,17,21,4.4,2.8,16.9,1
81,Zay Jones,LVR,26,wr,17,9,70,47,67.10%,546,11.6,1,29,43,7.8,2.8,32.1,1
82,Alvin Kamara*,NOR,26,rb,13,10,67,47,70.10%,439,9.3,5,20,31,6.6,3.6,33.8,0
83,Darrel Williams,KAN,26,rb,17,7,57,47,82.50%,452,9.6,2,19,38,7.9,2.8,26.6,0
84,Rashod Bateman,BAL,22,wr,12,4,68,46,67.60%,515,11.2,1,29,36,7.6,3.8,42.9,0
85,Braxton Berrios+,NYJ,26,wr,16,1,65,46,70.80%,431,9.4,2,21,46,6.6,2.9,26.9,1
86,Marquez Callaway,NOR,23,WR,17,11,84,46,54.80%,698,15.2,6,32,58,8.3,2.7,41.1,0
87,Evan Engram,NYG,27,TE,15,12,73,46,63.00%,408,8.9,3,21,30,5.6,3.1,27.2,1
88,Cedrick Wilson Jr.,DAL,26,wr,16,4,61,45,73.80%,602,13.4,6,27,73,9.9,2.8,37.6,3
89,Robert Woods,LAR,29,wr,9,9,69,45,65.20%,556,12.4,4,34,28,8.1,5,61.8,0
90,Odell Beckham Jr.,2TM,29,,14,13,82,44,53.70%,537,12.2,5,27,54,6.5,3.1,38.4,0
91,Mike Davis,ATL,28,rb,17,8,58,44,75.90%,259,5.9,1,12,20,4.5,2.6,15.2,4
92,Chase Edmonds,ARI,25,RB,12,11,53,43,81.10%,311,7.2,0,11,36,5.9,3.6,25.9,1
93,J.D. McKissic,WAS,28,rb,11,3,53,43,81.10%,397,9.2,2,15,56,7.5,3.9,36.1,0
94,Elijah Moore,NYJ,21,wr,11,6,77,43,55.80%,538,12.5,5,24,62,7,3.9,48.9,0
95,Quez Watkins,PHI,23,WR,17,12,62,43,69.40%,647,15,1,25,91,10.4,2.5,38.1,0
96,Javonte Williams,DEN,21,rb,17,1,53,43,81.10%,316,7.3,3,12,42,6,2.5,18.6,2
97,Antonio Brown,TAM,33,,7,3,62,42,67.70%,545,13,4,29,62,8.8,6,77.9,0
98,Antonio Gibson,WAS,23,RB,16,14,52,42,80.80%,294,7,3,12,73,5.7,2.6,18.4,6
99,DeAndre Hopkins,ARI,29,wr,10,10,64,42,65.60%,572,13.6,8,32,55,8.9,4.2,57.2,0
100,Joe Mixon*,CIN,25,RB,16,16,48,42,87.50%,314,7.5,3,11,52,6.5,2.6,19.6,2
101,David Montgomery,CHI,24,RB,13,13,51,42,82.40%,301,7.2,0,18,16,5.9,3.2,23.2,1
102,Byron Pringle,KAN,28,wr,17,5,60,42,70.00%,568,13.5,5,32,40,9.5,2.5,33.4,2
103,Emmanuel Sanders,BUF,34,WR,14,13,72,42,58.30%,626,14.9,4,31,41,8.7,3,44.7,0
104,Saquon Barkley,NYG,24,RB,13,13,57,41,71.90%,263,6.4,2,13,54,4.6,3.2,20.2,2
105,Brandon Bolden,NWE,31,rb,17,1,49,41,83.70%,405,9.9,2,21,28,8.3,2.4,23.8,1
106,Adam Humphries,WAS,28,WR,17,11,62,41,66.10%,383,9.3,0,23,27,6.2,2.4,22.5,0
107,Devontae Booker,NYG,29,,16,4,45,40,88.90%,268,6.7,1,11,41,6,2.5,16.8,0
108,Nyheim Hines,IND,25,rb,17,4,57,40,70.20%,310,7.8,1,15,36,5.4,2.4,18.2,3
109,Allen Lazard,GNB,26,WR,15,13,60,40,66.70%,513,12.8,8,28,42,8.6,2.7,34.2,0
110,DeVante Parker,MIA,28,wr,10,8,73,40,54.80%,515,12.9,2,29,42,7.1,4,51.5,0
111,Devin Singletary,BUF,24,RB,17,16,50,40,80.00%,228,5.7,1,11,19,4.6,2.4,13.4,5
112,Jonathan Taylor*+,IND,22,RB,17,17,51,40,78.40%,360,9,2,12,76,7.1,2.4,21.2,4
113,Ray-Ray McCloud,PIT,25,wr,16,5,66,39,59.10%,277,7.1,0,18,24,4.2,2.4,17.3,4
114,Tony Pollard,DAL,24,,15,0,46,39,84.80%,337,8.6,0,15,32,7.3,2.6,22.5,2
115,Kadarius Toney,NYG,22,wr,10,4,57,39,68.40%,420,10.8,0,21,38,7.4,3.9,42,0
116,Ameer Abdullah,2TM,28,,17,1,53,38,71.70%,289,7.6,1,13,23,5.5,2.2,17,0
117,Austin Hooper,CLE,27,TE,16,16,61,38,62.30%,345,9.1,3,18,34,5.7,2.4,21.6,0
118,Jerry Jeudy,DEN,22,wr,10,5,56,38,67.90%,467,12.3,0,22,40,8.3,3.8,46.7,1
119,Zach Pascal,IND,27,WR,16,13,69,38,55.10%,384,10.1,3,16,41,5.6,2.4,24,1
120,Allen Robinson,CHI,28,WR,12,11,66,38,57.60%,410,10.8,1,22,39,6.2,3.2,34.2,0
121,Nick Westbrook-Ikhine,TEN,24,wr,16,7,57,38,66.70%,476,12.5,4,23,46,8.4,2.4,29.8,1
122,Nelson Agholor,NWE,28,WR,15,13,64,37,57.80%,473,12.8,3,23,44,7.4,2.5,31.5,0
123,James Conner*,ARI,26,rb,15,6,39,37,94.90%,375,10.1,3,18,45,9.6,2.5,25,2
124,Kenny Golladay,NYG,28,WR,14,14,76,37,48.70%,521,14.1,0,27,36,6.9,2.6,37.2,0
125,Christian McCaffrey,CAR,25,rb,7,7,41,37,90.20%,343,9.3,1,21,32,8.4,5.3,49,1
126,Michael Carter,NYJ,22,RB,14,11,55,36,65.50%,325,9,0,16,23,5.9,2.6,23.2,1
127,Deonte Harris,NOR,24,wr,13,1,59,36,61.00%,570,15.8,3,23,72,9.7,2.8,43.8,2
128,Tyler Johnson,TAM,23,wr,17,3,55,36,65.50%,360,10,0,14,31,6.5,2.1,21.2,0
129,David Njoku,CLE,25,TE,16,11,53,36,67.90%,475,13.2,4,17,71,9,2.3,29.7,0
130,Sterling Shepard,NYG,28,wr,7,6,53,36,67.90%,366,10.2,1,19,37,6.9,5.1,52.3,0
131,Dan Arnold,2TM,26,,11,4,52,35,67.30%,408,11.7,0,20,28,7.8,3.2,37.1,1
132,Gabriel Davis,BUF,22,wr,16,4,63,35,55.60%,549,15.7,6,29,49,8.7,2.2,34.3,0
133,Michael Gallup,DAL,25,wr,9,8,62,35,56.50%,445,12.7,2,23,41,7.2,3.9,49.4,0
134,Dalvin Cook*,MIN,26,RB,13,13,49,34,69.40%,224,6.6,0,9,24,4.6,2.6,17.2,3
135,Corey Davis,NYJ,26,wr,9,9,59,34,57.60%,492,14.5,4,23,53,8.3,3.8,54.7,2
136,AJ Dillon,GNB,23,rb,17,2,37,34,91.90%,313,9.2,2,15,50,8.5,2,18.4,2
137,Bryan Edwards,LVR,23,WR,16,12,59,34,57.60%,571,16.8,3,26,51,9.7,2.1,35.7,1
138,Anthony Firkser,TEN,26,te,15,1,43,34,79.10%,291,8.6,2,15,24,6.8,2.3,19.4,2
139,Devonta Freeman,BAL,29,rb,16,8,42,34,81.00%,190,5.6,1,9,15,4.5,2.1,11.9,0
140,Ty Johnson,NYJ,24,rb,16,3,55,34,61.80%,372,10.9,2,20,23,6.8,2.1,23.3,2
141,Donovan Peoples-Jones,CLE,22,wr,14,9,58,34,58.60%,597,17.6,3,26,60,10.3,2.4,42.6,2
142,Durham Smythe,MIA,26,TE,17,12,41,34,82.90%,357,10.5,0,15,25,8.7,2,21,0
143,Nico Collins,HOU,22,wr,14,8,60,33,55.00%,446,13.5,1,22,32,7.4,2.4,31.9,0
144,Devin Duvernay*+,BAL,24,wr,16,7,47,33,70.20%,272,8.2,2,14,21,5.8,2.1,17,1
145,Kenneth Gainwell,PHI,22,rb,16,1,50,33,66.00%,253,7.7,1,14,19,5.1,2.1,15.8,2
146,Albert Okwuegbunam,DEN,23,te,14,6,40,33,82.50%,330,10,2,15,64,8.3,2.4,23.6,1
147,Josh Palmer,LAC,23,wr,17,5,49,33,67.30%,353,10.7,4,18,36,7.2,1.9,20.8,0
148,Jalen Reagor,PHI,22,WR,17,13,57,33,57.90%,299,9.1,2,13,34,5.2,1.9,17.6,2
149,Laquon Treadwell,JAX,26,wr,12,7,51,33,64.70%,434,13.2,1,22,41,8.5,2.8,36.2,0
150,David Johnson,HOU,30,rb,13,4,42,32,76.20%,225,7,1,11,16,5.4,2.5,17.3,1
151,Alexander Mattison,MIN,23,rb,16,4,39,32,82.10%,228,7.1,1,10,24,5.8,2,14.3,1
152,Tre'Quan Smith,NOR,25,wr,11,6,50,32,64.00%,377,11.8,3,18,34,7.5,2.9,34.3,1
153,Jalen Guyton,LAC,24,wr,16,2,48,31,64.60%,448,14.5,3,21,59,9.3,1.9,28,1
154,Julio Jones,TEN,32,wr,10,10,48,31,64.60%,434,14,1,19,51,9,3.1,43.4,0
155,Calvin Ridley,ATL,27,wr,5,5,52,31,59.60%,281,9.1,2,16,22,5.4,6.2,56.2,0
156,James Robinson,JAX,23,RB,14,13,46,31,67.40%,222,7.2,0,9,26,4.8,2.2,15.9,4
157,Geoff Swaim,TEN,28,TE,16,16,40,31,77.50%,210,6.8,3,12,26,5.3,1.9,13.1,0
158,Olamide Zaccheaus,ATL,24,wr,17,8,53,31,58.50%,406,13.1,3,22,49,7.7,1.8,23.9,0
159,Cameron Brate,TAM,30,te,17,3,57,30,52.60%,245,8.2,4,15,18,4.3,1.8,14.4,0
160,Kenyan Drake,LVR,27,rb,12,2,40,30,75.00%,291,9.7,1,12,31,7.3,2.5,24.3,1
161,Kyle Juszczyk*,SFO,30,FB,17,16,38,30,78.90%,296,9.9,1,16,26,7.8,1.8,17.4,0
162,Foster Moreau,LVR,24,TE,17,11,44,30,68.20%,373,12.4,3,16,44,8.5,1.8,21.9,1
163,Chester Rogers,TEN,27,wr,16,2,43,30,69.80%,301,10,1,12,39,7,1.9,18.8,4
164,Ricky Seals-Jones,WAS,26,te,13,6,49,30,61.20%,271,9,2,14,39,5.5,2.3,20.8,0
165,Jack Doyle,IND,31,,17,14,43,29,67.40%,302,10.4,3,18,34,7,1.7,17.8,0
166,Darrell Henderson,LAR,24,rb,12,10,40,29,72.50%,176,6.1,3,8,25,4.4,2.4,14.7,0
167,Josh Reynolds,2TM,26,,12,5,49,29,59.20%,396,13.7,2,21,39,8.1,2.4,33,0
168,Randall Cobb,GNB,31,wr,12,3,39,28,71.80%,375,13.4,5,21,54,9.6,2.3,31.3,1
169,Keelan Cole,NYJ,28,WR,15,11,51,28,54.90%,449,16,1,20,54,8.8,1.9,29.9,0
170,Melvin Gordon,DEN,28,RB,16,16,38,28,73.70%,213,7.6,2,9,30,5.6,1.8,13.3,3
171,Jeremy McNichols,TEN,26,,14,0,38,28,73.70%,240,8.6,1,11,27,6.3,2,17.1,0
172,Jonnu Smith,NWE,26,TE,16,11,45,28,62.20%,294,10.5,1,15,28,6.5,1.8,18.4,1
173,Ryan Griffin,NYJ,31,TE,14,12,42,27,64.30%,261,9.7,2,14,29,6.2,1.9,18.6,1
174,Mark Ingram,2TM,32,,14,10,35,27,77.10%,162,6,0,9,34,4.6,1.9,11.6,1
175,Samaje Perine,CIN,26,,16,0,31,27,87.10%,196,7.3,1,9,23,6.3,1.7,12.3,0
176,Adam Trautman,NOR,24,te,13,10,43,27,62.80%,263,9.7,2,13,32,6.1,2.1,20.2,1
177,Sammy Watkins,BAL,28,wr,13,9,49,27,55.10%,394,14.6,1,17,49,8,2.1,30.3,1
178,Damiere Byrd,CHI,28,wr,17,4,38,26,68.40%,329,12.7,1,18,54,8.7,1.5,19.4,1
179,Hayden Hurst,ATL,28,te,13,5,31,26,83.90%,221,8.5,3,11,33,7.1,2,17,3
180,Kyle Rudolph,NYG,32,,16,13,39,26,66.70%,257,9.9,1,12,60,6.6,1.6,16.1,0
181,Miles Sanders,PHI,24,RB,12,12,34,26,76.50%,158,6.1,0,6,25,4.6,2.2,13.2,1
182,Darius Slayton,NYG,24,wr,13,5,58,26,44.80%,339,13,2,14,42,5.8,2,26.1,1
183,Marquez Valdes-Scantling,GNB,27,wr,11,7,55,26,47.30%,430,16.5,3,18,75,7.8,2.4,39.1,0
184,Jamaal Williams,DET,26,RB,13,11,28,26,92.90%,157,6,0,6,15,5.6,2,12.1,1
185,Rex Burkhead,HOU,31,rb,16,5,32,25,78.10%,186,7.4,0,9,20,5.8,1.6,11.6,1
186,Josiah Deguara,GNB,24,te,16,2,33,25,75.80%,245,9.8,2,9,62,7.4,1.6,15.3,0
187,Chuba Hubbard,CAR,22,rb,17,10,37,25,67.60%,174,7,1,8,33,4.7,1.5,10.2,1
188,Demarcus Robinson,KAN,27,wr,17,10,41,25,61.00%,264,10.6,3,13,33,6.4,1.5,15.5,0
189,Tajae Sharpe,ATL,27,wr,15,7,37,25,67.60%,230,9.2,0,14,17,6.2,1.7,15.3,0
190,Freddie Swain,SEA,23,wr,17,8,40,25,62.50%,343,13.7,4,12,68,8.6,1.5,20.2,1
191,Albert Wilson,MIA,29,wr,14,5,39,25,64.10%,213,8.5,0,10,64,5.5,1.8,15.2,0
192,Jamal Agnew,JAX,26,wr,10,2,39,24,61.50%,229,9.5,1,14,29,5.9,2.4,22.9,1
193,Jordan Akins,HOU,29,te,13,3,33,24,72.70%,214,8.9,0,11,31,6.5,1.8,16.5,2
194,Mo Alie-Cox,IND,28,te,17,7,45,24,53.30%,316,13.2,4,14,37,7,1.4,18.6,1
195,Danny Amendola,HOU,36,,8,0,38,24,63.20%,248,10.3,3,10,39,6.5,3,31,1
196,Tavon Austin,JAX,31,wr,13,3,37,24,64.90%,213,8.9,1,11,25,5.8,1.8,16.4,1
197,DeAndre Carter,WAS,28,wr,17,6,44,24,54.50%,296,12.3,3,17,26,6.7,1.4,17.4,3
198,Rashard Higgins,CLE,27,wr,15,4,47,24,51.10%,275,11.5,1,16,21,5.9,1.6,18.3,0
199,Jauan Jennings,SFO,24,wr,16,1,38,24,63.20%,282,11.8,5,15,34,7.4,1.5,17.6,1
200,James O'Shaughnessy,JAX,29,te,7,6,34,24,70.60%,244,10.2,0,10,30,7.2,3.4,34.9,0
201,Henry Ruggs III,LVR,22,,7,7,36,24,66.70%,469,19.5,2,16,61,13,3.4,67,0
202,James Washington,PIT,25,wr,15,2,44,24,54.50%,285,11.9,2,9,42,6.5,1.6,19,0
203,Giovani Bernard,TAM,30,,12,0,29,23,79.30%,123,5.3,3,8,32,4.2,1.9,10.3,1
204,Pharaoh Brown,HOU,27,TE,15,12,34,23,67.60%,171,7.4,0,6,29,5,1.5,11.4,1
205,Jamycal Hasty,SFO,25,,11,0,29,23,79.30%,157,6.8,0,7,23,5.4,2.1,14.3,2
206,T.Y. Hilton,IND,32,wr,10,9,37,23,62.20%,331,14.4,3,15,52,8.9,2.3,33.1,0
207,Marcedes Lewis,GNB,37,TE,17,17,28,23,82.10%,214,9.3,0,10,23,7.6,1.4,12.6,1
208,Zack Moss,BUF,24,,13,0,32,23,71.90%,197,8.6,1,12,24,6.2,1.8,15.2,2
209,Chris Conley,HOU,29,wr,16,10,37,22,59.50%,323,14.7,2,15,41,8.7,1.4,20.2,1
210,Kareem Hunt,CLE,26,rb,8,1,27,22,81.50%,174,7.9,0,10,23,6.4,2.8,21.8,0
211,Justin Jackson,LAC,25,rb,14,2,25,22,88.00%,178,8.1,0,8,25,7.1,1.6,12.7,1
212,Harrison Bryant,CLE,23,te,16,3,28,21,75.00%,233,11.1,3,14,41,8.3,1.3,14.6,0
213,DeeJay Dallas,SEA,23,,17,0,23,21,91.30%,133,6.3,0,4,29,5.8,1.2,7.8,1
214,Will Dissly,SEA,25,TE,15,14,26,21,80.80%,231,11,1,11,39,8.9,1.4,15.4,1
215,Sony Michel,LAR,26,rb,17,7,33,21,63.60%,128,6.1,1,6,24,3.9,1.2,7.5,1
216,Chris Moore,HOU,28,wr,12,1,22,21,95.50%,227,10.8,2,6,67,10.3,1.8,18.9,0
217,John Bates,WAS,24,te,17,8,25,20,80.00%,249,12.5,1,11,32,10,1.2,14.6,1
218,Nick Chubb*,CLE,26,RB,14,14,25,20,80.00%,174,8.7,1,9,40,7,1.4,12.4,2
219,Marquise Goodwin,CHI,31,wr,14,2,40,20,50.00%,313,15.7,1,12,50,7.8,1.4,22.4,1
220,DeSean Jackson,2TM,35,,16,4,34,20,58.80%,454,22.7,2,12,75,13.4,1.3,28.4,1
221,Brevin Jordan,HOU,21,te,9,2,28,20,71.40%,178,8.9,3,10,27,6.4,2.2,19.8,0
222,Isaiah McKenzie,BUF,26,wr,15,2,26,20,76.90%,178,8.9,1,13,28,6.8,1.3,11.9,2
223,Donald Parham,LAC,24,te,14,9,27,20,74.10%,190,9.5,3,13,22,7,1.4,13.6,0
224,Tommy Tremble,CAR,21,TE,16,11,35,20,57.10%,180,9,1,10,30,5.1,1.3,11.3,0
225,Clyde Edwards-Helaire,KAN,22,rb,10,10,23,19,82.60%,129,6.8,2,8,29,5.6,1.9,12.9,2
226,Zach Gentry,PIT,25,TE,17,12,25,19,76.00%,167,8.8,0,11,25,6.7,1.1,9.8,0
227,Dontrell Hilliard,TEN,26,rb,8,5,26,19,73.10%,87,4.6,0,7,28,3.3,2.4,10.9,2
228,D'Ernest Johnson,CLE,25,rb,17,2,25,19,76.00%,137,7.2,0,7,18,5.5,1.1,8.1,1
229,Elijah Mitchell,SFO,23,rb,11,10,20,19,95.00%,137,7.2,1,6,14,6.9,1.7,12.5,0
230,Antoine Wesley,ARI,24,wr,15,4,32,19,59.40%,208,10.9,3,9,33,6.5,1.3,13.9,0
231,Demetric Felton,CLE,23,rb,16,2,21,18,85.70%,181,10.1,2,10,33,8.6,1.1,11.3,4
232,Damien Harris,NWE,24,RB,15,15,21,18,85.70%,132,7.3,0,4,21,6.3,1.2,8.8,2
233,Derrick Henry,TEN,27,rb,8,8,20,18,90.00%,154,8.6,0,7,16,7.7,2.3,19.3,1
234,Ian Thomas,CAR,25,TE,17,13,30,18,60.00%,188,10.4,0,6,41,6.3,1.1,11.1,0
235,Logan Thomas,WAS,30,te,6,6,25,18,72.00%,196,10.9,3,10,35,7.8,3,32.7,1
236,Robert Tonyan,GNB,27,te,8,5,29,18,62.10%,204,11.3,2,10,33,7,2.3,25.5,0
237,Brandon Zylstra,CAR,28,wr,13,3,25,18,72.00%,250,13.9,1,10,55,10,1.4,19.2,0
238,C.J. Ham,MIN,28,fb,17,8,18,17,94.40%,125,7.4,0,6,27,6.9,1,7.4,0
239,Terrace Marshall Jr.,CAR,21,wr,13,3,30,17,56.70%,138,8.1,0,7,23,4.6,1.3,10.6,0
240,Stephen Anderson,LAC,28,te,17,4,19,16,84.20%,165,10.3,1,9,34,8.7,0.9,9.7,0
241,Noah Brown,DAL,25,wr,13,1,25,16,64.00%,184,11.5,0,6,27,7.4,1.2,14.2,0
242,Travis Homer,SEA,23,,14,0,20,16,80.00%,161,10.1,0,8,31,8.1,1.1,11.5,0
243,Tyler Kroft,NYJ,29,te,9,6,25,16,64.00%,173,10.8,1,9,26,6.9,1.8,19.2,0
244,Ty Montgomery,NOR,28,wr,14,3,26,16,61.50%,95,5.9,0,5,21,3.7,1.1,6.8,0
245,James Proche,BAL,25,,14,0,20,16,80.00%,202,12.6,0,10,32,10.1,1.1,14.4,0
246,Damien Williams,CHI,29,rb,12,2,23,16,69.60%,103,6.4,1,3,23,4.5,1.3,8.6,0
247,Maxx Williams,ARI,27,te,5,5,17,16,94.10%,193,12.1,1,9,34,11.4,3.2,38.6,0
248,Quintez Cephus,DET,23,wr,5,3,22,15,68.20%,204,13.6,2,9,46,9.3,3,40.8,0
249,Chris Evans,CIN,24,rb,14,1,17,15,88.20%,151,10.1,2,6,24,8.9,1.1,10.8,0
250,Kendall Hinton,DEN,24,wr,16,1,23,15,65.20%,175,11.7,1,10,40,7.6,0.9,10.9,0
251,Mohamed Sanu,SFO,32,,8,0,24,15,62.50%,177,11.8,0,12,21,7.4,1.9,22.1,0
252,Cam Sims,WAS,25,wr,14,3,23,15,65.20%,211,14.1,2,11,43,9.2,1.1,15.1,0
253,JuJu Smith-Schuster,PIT,25,,5,5,28,15,53.60%,129,8.6,0,6,24,4.6,3,25.8,0
254,Jimmy Graham,CHI,35,te,15,6,23,14,60.90%,167,11.9,3,10,28,7.3,0.9,11.1,0
255,Khalil Herbert,CHI,23,rb,17,2,16,14,87.50%,96,6.9,0,6,20,6,0.8,5.6,1
256,Mack Hollins,MIA,28,wr,17,3,28,14,50.00%,223,15.9,4,11,65,8,0.8,13.1,0
257,O.J. Howard,TAM,27,te,17,9,21,14,66.70%,135,9.6,1,10,21,6.4,0.8,7.9,0
258,MyCole Pruitt,TEN,29,te,16,9,18,14,77.80%,145,10.4,3,10,22,8.1,0.9,9.1,0
259,Rhamondre Stevenson,NWE,23,rb,12,2,18,14,77.80%,123,8.8,0,3,41,6.8,1.2,10.3,2
260,Ashton Dulin,IND,24,wr,17,1,22,13,59.10%,173,13.3,2,9,62,7.9,0.8,10.2,0
261,KhaDarel Hodge,DET,26,wr,16,1,27,13,48.10%,157,12.1,0,7,42,5.8,0.8,9.8,0
262,Lil'Jordan Humphrey,NOR,23,wr,10,4,18,13,72.20%,249,19.2,2,9,56,13.8,1.3,24.9,0
263,Juwan Johnson,NOR,25,te,14,2,22,13,59.10%,159,12.2,4,12,27,7.2,0.9,11.4,0
264,Jerick McKinnon,KAN,29,,13,0,20,13,65.00%,107,8.2,1,6,14,5.4,1,8.2,0
265,Dare Ogunbowale,JAX,27,rb,17,2,21,13,61.90%,114,8.8,1,3,28,5.4,0.8,6.7,0
266,Boston Scott,PHI,26,rb,16,4,16,13,81.30%,83,6.4,0,3,19,5.2,0.8,5.2,1
267,Salvon Ahmed,MIA,23,,12,0,19,12,63.20%,117,9.8,0,4,18,6.2,1,9.8,0
268,Dyami Brown,WAS,22,wr,15,6,25,12,48.00%,165,13.8,0,6,48,6.6,0.8,11,0
269,Eric Ebron,PIT,28,,8,3,18,12,66.70%,84,7,1,6,19,4.7,1.5,10.5,0
270,Isaiah Ford,MIA,25,wr,13,2,17,12,70.60%,161,13.4,2,7,52,9.5,0.9,12.4,0
271,N'Keal Harry,NWE,24,wr,12,4,22,12,54.50%,184,15.3,0,7,43,8.4,1,15.3,1
272,Carlos Hyde,JAX,31,rb,12,2,21,12,57.10%,65,5.4,0,1,9,3.1,1,5.4,2
273,Jalen Richard,LVR,28,,10,0,14,12,85.70%,72,6,0,4,19,5.1,1.2,7.2,0
274,Adam Shaheen,MIA,27,te,12,7,16,12,75.00%,110,9.2,0,5,21,6.9,1,9.2,0
275,Malik Turner,DAL,25,,14,0,16,12,75.00%,149,12.4,3,8,61,9.3,0.9,10.6,0
276,James White,NWE,29,,3,0,14,12,85.70%,94,7.8,0,5,28,6.7,4,31.3,0
277,Brock Wright,DET,23,te,10,5,17,12,70.60%,117,9.8,2,6,36,6.9,1.2,11.7,0
278,Tevin Coleman,NYJ,28,rb,11,5,16,11,68.80%,49,4.5,0,2,11,3.1,1,4.5,0
279,Kylen Granson,IND,23,,17,0,15,11,73.30%,106,9.6,0,4,27,7.1,0.6,6.2,0
280,Jakeem Grant*,2TM,29,,15,0,17,11,64.70%,132,12,2,7,46,7.8,0.7,8.8,3
281,Blake Jarwin,DAL,27,te,8,5,17,11,64.70%,96,8.7,2,5,20,5.6,1.4,12,0
282,Collin Johnson,NYG,24,wr,12,1,21,11,52.40%,105,9.5,0,6,16,5,0.9,8.8,0
283,Breshad Perriman,TAM,28,,6,0,18,11,61.10%,167,15.2,1,5,58,9.3,1.8,27.8,0
284,John Ross,NYG,26,wr,10,1,20,11,55.00%,224,20.4,1,8,51,11.2,1.1,22.4,1
285,Drew Sample,CIN,25,te,17,8,15,11,73.30%,81,7.4,0,3,19,5.4,0.6,4.8,0
286,Ben Skowronek,LAR,24,wr,14,1,20,11,55.00%,133,12.1,0,7,35,6.7,0.8,9.5,0
287,Peyton Barber,LVR,27,rb,10,1,13,10,76.90%,67,6.7,0,3,23,5.2,1,6.7,2
288,Trinity Benson,DET,24,wr,8,2,22,10,45.50%,103,10.3,0,4,24,4.7,1.3,12.9,0
289,Parris Campbell,IND,24,wr,6,3,20,10,50.00%,162,16.2,1,7,51,8.1,1.7,27,0
290,D'Wayne Eskridge,SEA,24,,10,0,20,10,50.00%,64,6.4,1,4,17,3.2,1,6.4,0
291,Royce Freeman,2TM,25,,15,0,16,10,62.50%,77,7.7,0,4,12,4.8,0.7,5.1,0
292,Cyril Grayson,TAM,28,wr,5,3,12,10,83.30%,212,21.2,2,8,62,17.7,2,42.4,0
293,Alec Ingold,LVR,25,fb,9,3,12,10,83.30%,85,8.5,1,4,29,7.1,1.1,9.4,0
294,Ronald Jones II,TAM,24,rb,16,3,13,10,76.90%,64,6.4,0,2,15,4.9,0.6,4,2
295,Latavius Murray,BAL,31,rb,14,6,13,10,76.90%,75,7.5,0,2,18,5.8,0.7,5.4,0
296,Jaret Patterson,WAS,22,rb,17,1,11,10,90.90%,73,7.3,0,5,12,6.6,0.6,4.3,1
297,Dante Pettis,NYG,26,,3,0,16,10,62.50%,87,8.7,1,5,27,5.4,3.3,29,1
298,Anthony Schwartz,CLE,21,wr,14,2,23,10,43.50%,135,13.5,1,6,44,5.9,0.7,9.6,0
299,Dede Westbrook,MIN,28,,15,0,15,10,66.70%,68,6.8,0,3,17,4.5,0.7,4.5,2
300,Blake Bell,KAN,30,te,16,5,13,9,69.20%,87,9.7,0,4,24,6.7,0.6,5.4,0
301,Alex Collins,SEA,27,rb,11,6,10,9,90.00%,87,9.7,0,3,28,8.7,0.8,7.9,1
302,D'Onta Foreman,TEN,25,rb,9,3,11,9,81.80%,123,13.7,0,6,39,11.2,1,13.7,2
303,Jacob Hollister,JAX,28,te,7,2,14,9,64.30%,55,6.1,1,2,11,3.9,1.3,7.9,0
304,Marcus Johnson,TEN,27,wr,7,3,19,9,47.40%,160,17.8,0,7,50,8.4,1.3,22.9,0
305,Dax Milne,WAS,22,wr,13,1,14,9,64.30%,83,9.2,0,4,22,5.9,0.7,6.4,1
306,Josh Oliver,BAL,24,te,14,1,15,9,60.00%,66,7.3,0,4,19,4.4,0.6,4.7,1
307,Elijhaa Penny,NYG,28,rb,17,3,13,9,69.20%,30,3.3,1,4,16,2.3,0.5,1.8,0
308,Trent Sherfield,SFO,25,wr,17,1,20,9,45.00%,87,9.7,1,7,18,4.4,0.5,5.1,0
309,Keith Smith,ATL,29,fb,17,8,10,9,90.00%,56,6.2,0,3,11,5.6,0.5,3.3,0
310,Lee Smith,ATL,34,,16,6,11,9,81.80%,65,7.2,1,3,22,5.9,0.6,4.1,0
311,Equanimeous St. Brown,GNB,25,wr,13,2,17,9,52.90%,98,10.9,0,6,26,5.8,0.7,7.5,0
312,Tommy Sweeney,BUF,26,te,13,3,12,9,75.00%,44,4.9,1,3,13,3.7,0.7,3.4,1
313,Nick Vannett,NOR,28,te,7,2,15,9,60.00%,133,14.8,1,7,30,8.9,1.3,19,0
314,Ty'Son Williams,BAL,25,rb,13,3,12,9,75.00%,84,9.3,0,4,21,7,0.7,6.5,1
315,Derrick Gore,KAN,27,,11,0,9,8,88.90%,105,13.1,0,3,50,11.7,0.7,9.5,0
316,Denzel Mims,NYJ,24,wr,11,3,23,8,34.80%,133,16.6,0,5,40,5.8,0.7,12.1,0
317,Patrick Ricard*,BAL,27,FB,13,11,13,8,61.50%,63,7.9,1,3,22,4.8,0.6,4.8,0
318,Eric Saubert,DEN,27,te,17,4,12,8,66.70%,47,5.9,1,2,11,3.9,0.5,2.8,0
319,Jeff Smith,NYJ,24,wr,12,3,17,8,47.10%,113,14.1,0,6,35,6.6,0.7,9.4,0
320,Juwann Winfree,GNB,25,,7,0,13,8,61.50%,58,7.3,0,5,12,4.5,1.1,8.3,2
321,Matt Breida,BUF,26,,9,0,9,7,77.80%,72,10.3,2,4,23,8,0.8,8,1
322,DJ Chark,JAX,25,wr,4,4,22,7,31.80%,154,22,2,7,41,7,1.8,38.5,0
323,Phillip Dorsett,3TM,28,,6,0,14,7,50.00%,110,15.7,0,3,36,7.9,1.2,18.3,0
324,Luke Farrell,JAX,24,te,15,4,11,7,63.60%,56,8,0,3,21,5.1,0.5,3.7,1
325,Noah Gray,KAN,22,te,16,1,10,7,70.00%,36,5.1,1,2,8,3.6,0.4,2.3,0
326,Penny Hart,SEA,25,,17,0,12,7,58.30%,59,8.4,0,3,16,4.9,0.4,3.5,0
327,Godwin Igwebuike,DET,27,rb,17,1,10,7,70.00%,60,8.6,0,4,18,6,0.4,3.5,2
328,Jesse James,CHI,27,te,14,9,8,7,87.50%,62,8.9,1,3,19,7.8,0.5,4.4,0
329,Craig Reynolds,DET,25,,5,2,8,7,87.50%,52,7.4,0,3,14,6.5,1.4,10.4,0
330,Greg Ward,PHI,26,,17,0,11,7,63.60%,95,13.6,3,4,27,8.6,0.4,5.6,0
331,Jeff Wilson,SFO,26,rb,9,4,8,7,87.50%,31,4.4,0,1,11,3.9,0.8,3.4,1
332,Eno Benjamin,ARI,22,,9,0,7,6,85.70%,42,7,0,4,12,6,0.7,4.7,0
333,Chris Carson,SEA,27,rb,4,4,6,6,100.00%,29,4.8,0,1,16,4.8,1.5,7.3,1
334,Corey Clement,DAL,27,,17,0,7,6,85.70%,29,4.8,1,1,8,4.1,0.4,1.7,0
335,Jaelon Darden,TAM,22,,9,0,12,6,50.00%,43,7.2,0,1,29,3.6,0.7,4.8,0
336,Tom Kennedy,DET,25,,12,0,10,6,60.00%,54,9,0,2,15,5.4,0.5,4.5,0
337,Chris Manhertz,JAX,29,te,17,10,9,6,66.70%,71,11.8,1,4,22,7.9,0.4,4.2,0
338,Tre' McKitty,LAC,22,te,11,4,8,6,75.00%,45,7.5,0,3,12,5.6,0.5,4.1,0
339,Anthony Miller,2TM,27,,3,1,12,6,50.00%,25,4.2,1,3,10,2.1,2,8.3,0
340,Rashaad Penny,SEA,25,rb,10,6,8,6,75.00%,48,8,0,3,27,6,0.6,4.8,0
341,Curtis Samuel,WAS,25,wr,5,1,9,6,66.70%,27,4.5,0,4,10,3,1.2,5.4,0
342,Shi Smith,CAR,23,,6,0,11,6,54.50%,104,17.3,0,3,63,9.5,1,17.3,0
343,Kenny Stills,NOR,29,wr,13,4,23,6,26.10%,68,11.3,1,4,22,3,0.5,5.2,0
344,Preston Williams,MIA,24,wr,8,3,16,6,37.50%,71,11.8,0,3,34,4.4,0.8,8.9,0
345,Antony Auclair,HOU,28,TE,16,13,5,5,100.00%,47,9.4,1,2,15,9.4,0.3,2.9,0
346,Le'Veon Bell,2TM,29,,8,0,7,5,71.40%,30,6,1,3,15,4.3,0.6,3.8,0
347,Dez Fitzpatrick,TEN,24,,4,0,8,5,62.50%,49,9.8,1,4,18,6.1,1.3,12.3,0
348,Joe Fortson,KAN,26,,6,0,5,5,100.00%,47,9.4,2,3,27,9.4,0.8,7.8,0
349,Josh Gordon,KAN,30,wr,12,7,14,5,35.70%,32,6.4,1,3,11,2.3,0.4,2.7,0
350,KJ Hamler,DEN,22,wr,3,2,10,5,50.00%,74,14.8,0,4,28,7.4,1.7,24.7,0
351,Parker Hesse,ATL,26,te,8,1,6,5,83.30%,43,8.6,0,3,17,7.2,0.6,5.4,0
352,Tony Jones,NOR,24,rb,11,4,8,5,62.50%,29,5.8,0,2,19,3.6,0.5,2.6,0
353,Joshua Kelley,LAC,24,,10,0,6,5,83.30%,38,7.6,0,1,17,6.3,0.5,3.8,1
354,Scott Miller,TAM,24,,9,0,9,5,55.60%,38,7.6,0,2,13,4.2,0.6,4.2,0
355,Colby Parkinson,SEA,22,te,14,1,8,5,62.50%,33,6.6,0,2,12,4.1,0.4,2.4,0
356,Rodney Smith,CAR,25,,2,0,5,5,100.00%,48,9.6,0,2,17,9.6,2.5,24,0
357,Ihmir Smith-Marsette,MIN,22,wr,8,1,6,5,83.30%,116,23.2,2,4,44,19.3,0.6,14.5,0
358,Mike Thomas,CIN,27,wr,12,1,11,5,45.50%,52,10.4,0,3,19,4.7,0.4,4.3,0
359,Cody White,PIT,23,,15,0,6,5,83.30%,33,6.6,0,3,11,5.5,0.3,2.2,0
360,Charlie Woerner,SFO,24,te,17,3,6,5,83.30%,52,10.4,0,3,27,8.7,0.3,3.1,0
361,Christian Blake,ATL,25,,16,0,9,4,44.40%,25,6.3,0,2,8,2.8,0.3,1.6,0
362,Kendall Blanton,LAR,26,te,11,2,7,4,57.10%,37,9.3,0,2,23,5.3,0.4,3.4,1
363,C.J. Board,NYG,28,wr,6,1,6,4,66.70%,51,12.8,0,3,38,8.5,0.7,8.5,0
364,Ja'Marcus Bradley,CLE,25,,5,0,4,4,100.00%,64,16,0,2,37,16,0.8,12.8,0
365,Jason Cabinda,DET,25,fb,14,4,7,4,57.10%,16,4,1,2,6,2.3,0.3,1.1,0
366,Pharoh Cooper,NYG,26,,8,0,11,4,36.40%,33,8.3,0,1,15,3,0.5,4.1,0
367,Tyler Davis,GNB,24,,14,0,5,4,80.00%,35,8.8,0,1,22,7,0.3,2.5,0
368,Ross Dwelley,SFO,26,te,17,2,5,4,80.00%,51,12.8,1,2,21,10.2,0.2,3,0
369,Darren Fells,2TM,35,,9,5,5,4,80.00%,43,10.8,0,2,24,8.6,0.4,4.8,0
370,Will Fuller,MIA,27,,2,0,8,4,50.00%,26,6.5,0,3,10,3.3,2,13,0
371,Garrett Griffin,NOR,27,te,13,6,4,4,100.00%,39,9.8,0,2,14,9.8,0.3,3,1
372,Chris Herndon,MIN,25,te,16,5,7,4,57.10%,40,10,1,4,17,5.7,0.3,2.5,0
373,Taysom Hill,NOR,31,qb,12,9,6,4,66.70%,52,13,0,4,15,8.7,0.3,4.3,2
374,Chris Hogan,NOR,34,,5,1,8,4,50.00%,41,10.3,1,2,16,5.1,0.8,8.2,0
375,Cody Hollister,TEN,28,wr,3,1,7,4,57.10%,33,8.3,0,4,14,4.7,1.3,11,0
376,Jermar Jefferson,DET,21,,7,0,5,4,80.00%,23,5.8,0,2,11,4.6,0.6,3.3,0
377,Duke Johnson,MIA,28,rb,5,4,5,4,80.00%,41,10.3,0,3,20,8.2,0.8,8.2,0
378,Jakob Johnson,NWE,27,fb,17,6,5,4,80.00%,43,10.8,0,2,29,8.6,0.2,2.5,0
379,Phillip Lindsay,2TM,27,,14,1,5,4,80.00%,45,11.3,1,1,22,9,0.3,3.2,0
380,Sean McKeon,DAL,24,te,9,2,6,4,66.70%,27,6.8,1,2,12,4.5,0.4,3,0
381,Kene Nwangwu,MIN,23,,11,0,5,4,80.00%,9,2.3,0,0,6,1.8,0.4,0.8,0
382,Qadree Ollison,ATL,25,,8,0,6,4,66.70%,12,3,0,1,8,2,0.5,1.5,1
383,Adrian Peterson,2TM,36,,4,3,4,4,100.00%,8,2,0,0,5,2,1,2,1
384,Amari Rodgers,GNB,22,wr,16,1,8,4,50.00%,45,11.3,0,2,19,5.6,0.3,2.8,2
385,Wendell Smallwood,WAS,27,,3,0,5,4,80.00%,22,5.5,0,0,7,4.4,1.3,7.3,0
386,Willie Snead,2TM,29,,9,0,8,4,50.00%,38,9.5,0,3,15,4.8,0.4,4.2,0
387,Jack Stoll,PHI,23,te,16,5,5,4,80.00%,22,5.5,0,0,9,4.4,0.3,1.4,0
388,J.J. Taylor,NWE,23,,5,0,4,4,100.00%,8,2,0,0,5,2,0.8,1.6,1
389,Ke'Shawn Vaughn,TAM,24,rb,12,1,8,4,50.00%,26,6.5,0,1,8,3.3,0.3,2.2,0
390,Kristian Wilkerson,NWE,24,wr,3,1,8,4,50.00%,42,10.5,2,2,20,5.3,1.3,14,0
391,Jonathan Williams,WAS,27,,5,0,6,4,66.70%,28,7,0,2,19,4.7,0.8,5.6,0
392,Cam Akers,LAR,22,,1,0,3,3,100.00%,10,3.3,0,0,6,3.3,3,10,0
393,Ryquell Armstead,JAX,25,,2,0,4,3,75.00%,16,5.3,0,1,9,4,1.5,8,0
394,Malcolm Brown,MIA,28,rb,7,3,5,3,60.00%,10,3.3,0,0,7,2,0.4,1.4,0
395,Michael Burton,KAN,29,,16,0,3,3,100.00%,31,10.3,0,2,20,10.3,0.2,1.9,0
396,Greg Dortch,ARI,23,wr,5,2,3,3,100.00%,15,5,0,0,10,5,0.6,3,0
397,Alex Erickson,CAR,29,,17,0,4,3,75.00%,55,18.3,0,2,25,13.8,0.2,3.2,0
398,Reggie Gilliam,BUF,24,fb,16,5,5,3,60.00%,23,7.7,0,0,8,4.6,0.2,1.4,0
399,Demetrius Harris,ARI,30,te,14,4,6,3,50.00%,10,3.3,0,0,7,1.7,0.2,0.7,0
400,K.J. Hill,LAC,24,,6,0,3,3,100.00%,30,10,0,1,19,10,0.5,5,0
401,Tommy Hudson,TEN,24,,5,0,6,3,50.00%,31,10.3,0,2,14,5.2,0.6,6.2,0
402,Tyree Jackson,PHI,24,te,9,3,7,3,42.90%,22,7.3,1,2,13,3.1,0.3,2.4,0
403,Andy Janovich,CLE,28,fb,13,3,4,3,75.00%,9,3,0,1,3,2.3,0.2,0.7,0
404,Keith Kirkwood,CAR,27,,3,0,7,3,42.90%,17,5.7,0,1,7,2.4,1,5.7,0
405,Patrick Laird,MIA,26,,6,0,3,3,100.00%,17,5.7,0,2,10,5.7,0.5,2.8,0
406,D.J. Montgomery,NYJ,25,,3,0,6,3,50.00%,36,12,0,2,14,6,1,12,0
407,Jason Moore,LAC,26,wr,2,1,4,3,75.00%,56,18.7,0,3,24,14,1.5,28,0
408,Chris Myarick,NYG,26,te,8,3,6,3,50.00%,17,5.7,1,2,10,2.8,0.4,2.1,0
409,Gabe Nabers,LAC,24,fb,10,1,3,3,100.00%,17,5.7,0,0,8,5.7,0.3,1.7,0
410,Adam Prentice,NOR,24,fb,7,3,3,3,100.00%,16,5.3,0,1,10,5.3,0.4,2.3,0
411,Jaylen Samuels,HOU,25,,3,0,4,3,75.00%,14,4.7,0,1,6,3.5,1,4.7,0
412,Trey Sermon,SFO,22,rb,9,2,4,3,75.00%,26,8.7,0,1,23,6.5,0.3,2.9,0
413,Kaden Smith,NYG,24,te,9,4,3,3,100.00%,33,11,0,1,21,11,0.3,3.7,0
414,Jeremy Sprinkle,DAL,27,te,17,4,3,3,100.00%,31,10.3,0,2,11,10.3,0.2,1.8,0
415,Auden Tate,CIN,24,,7,0,4,3,75.00%,39,13,1,3,18,9.8,0.4,5.6,0
416,Jonathan Ward,ARI,24,,13,0,4,3,75.00%,34,11.3,0,1,23,8.5,0.2,2.6,0
417,Derek Watt,PIT,29,fb,17,4,3,3,100.00%,15,5,0,0,9,5,0.2,0.9,0
418,Trevon Wesco,NYJ,26,te,12,7,5,3,60.00%,35,11.7,0,2,19,7,0.3,2.9,0
419,Mitchell Wilcox,CIN,25,te,15,1,5,3,60.00%,16,5.3,0,0,8,3.2,0.2,1.1,0
420,Shane Zylstra,DET,25,,4,0,7,3,42.90%,34,11.3,0,2,16,4.9,0.8,8.5,0
421,JJ Arcega-Whiteside,PHI,25,wr,16,2,5,2,40.00%,36,18,0,2,23,7.2,0.1,2.3,0
422,Kalen Ballage,PIT,26,,17,0,7,2,28.60%,8,4,0,0,6,1.1,0.1,0.5,0
423,Cameron Batson,TEN,26,,4,0,5,2,40.00%,15,7.5,1,2,13,3,0.5,3.8,0
424,Khari Blasingame,TEN,25,fb,11,3,2,2,100.00%,4,2,0,0,5,2,0.2,0.4,1
425,Reggie Bonnafon,CAR,25,,4,0,2,2,100.00%,12,6,0,1,6,6,0.5,3,0
426,Mike Boone,DEN,26,,8,0,2,2,100.00%,22,11,0,1,19,11,0.3,2.8,0
427,Daniel Brown,NYJ,29,,12,0,2,2,100.00%,29,14.5,0,1,24,14.5,0.2,2.4,0
428,Derek Carrier,LVR,31,te,5,1,2,2,100.00%,13,6.5,0,0,9,6.5,0.4,2.6,0
429,Cethan Carter,MIA,26,te,16,1,2,2,100.00%,16,8,0,0,8,8,0.1,1,0
430,Dominique Dafney,GNB,24,te,10,2,4,2,50.00%,34,17,0,2,26,8.5,0.2,3.4,0
431,Taylor Decker,DET,28,t,9,9,2,2,100.00%,4,2,1,1,6,2,0.2,0.4,0
432,Darrynton Evans,TEN,23,,1,0,2,2,100.00%,11,5.5,0,1,6,5.5,2,11,0
433,Jesper Horsted,CHI,24,,7,0,3,2,66.70%,21,10.5,2,2,19,7,0.3,3,0
434,Jordan Howard,PHI,27,,7,0,5,2,40.00%,19,9.5,0,2,10,3.8,0.3,2.7,0
435,Trenton Irwin,CIN,26,,7,0,5,2,40.00%,34,17,0,1,25,6.8,0.3,4.9,0
436,Tyron Johnson,2TM,25,,10,0,5,2,40.00%,16,8,0,1,10,3.2,0.2,1.6,0
437,Marcus Kemp,KAN,26,,16,0,5,2,40.00%,24,12,0,1,16,4.8,0.1,1.5,0
438,Jake Kumerow,BUF,29,wr,15,2,6,2,33.30%,28,14,0,2,15,4.7,0.1,1.9,0
439,Marlon Mack,IND,25,,6,0,5,2,40.00%,8,4,0,0,7,1.6,0.3,1.3,0
440,Racey McMath,TEN,22,,9,0,6,2,33.30%,8,4,0,0,9,1.3,0.2,0.9,1
441,Jaydon Mickens,2TM,27,,11,0,3,2,66.70%,10,5,0,1,12,3.3,0.2,0.9,1
442,Stanley Morgan Jr.,CIN,25,wr,17,1,4,2,50.00%,11,5.5,0,0,8,2.8,0.1,0.6,0
443,Dazz Newsome,CHI,22,wr,3,1,5,2,40.00%,23,11.5,0,1,13,4.6,0.7,7.7,0
444,Gunner Olszewski,NWE,25,,16,0,3,2,66.70%,31,15.5,0,2,22,10.3,0.1,1.9,3
445,Dezmon Patmon,IND,23,,8,0,4,2,50.00%,21,10.5,1,1,14,5.3,0.3,2.6,0
446,Scottie Phillips,HOU,24,,3,0,3,2,66.70%,9,4.5,0,0,8,3,0.7,3,0
447,Kevin Rader,PIT,26,te,6,1,3,2,66.70%,8,4,0,0,7,2.7,0.3,1.3,0
448,Trey Ragas,LVR,25,,1,0,2,2,100.00%,6,3,0,0,4,3,2,6,0
449,Richard Rodgers,PHI,29,,3,0,2,2,100.00%,11,5.5,0,0,9,5.5,0.7,3.7,0
450,C.J. Saunders,CAR,25,,2,0,2,2,100.00%,11,5.5,0,1,8,5.5,1,5.5,0
451,David Sills,NYG,25,wr,4,1,6,2,33.30%,17,8.5,0,1,12,2.8,0.5,4.3,0
452,Benny Snell Jr.,PIT,23,,17,0,4,2,50.00%,13,6.5,0,0,7,3.3,0.1,0.8,0
453,Johnny Stanton,CLE,27,,4,0,2,2,100.00%,7,3.5,1,1,6,3.5,0.5,1.8,0
454,Luke Stocker,MIN,33,,12,0,2,2,100.00%,12,6,0,0,7,6,0.2,1,0
455,Mike Strachan,IND,24,,6,0,3,2,66.70%,26,13,0,2,16,8.7,0.3,4.3,0
456,Malik Taylor,GNB,26,,10,0,3,2,66.70%,14,7,0,1,7,4.7,0.2,1.4,1
457,Patrick Taylor,GNB,23,,9,0,2,2,100.00%,3,1.5,0,1,3,1.5,0.2,0.3,0
458,Trent Taylor,CIN,27,,4,0,3,2,66.70%,41,20.5,0,2,26,13.7,0.5,10.3,0
459,Tylan Wallace,BAL,22,wr,17,1,6,2,33.30%,23,11.5,0,1,18,3.8,0.1,1.4,0
460,Austin Walter,NYJ,25,,4,0,3,2,66.70%,9,4.5,0,1,11,3,0.5,2.3,0
461,Dwayne Washington,NOR,27,,14,0,2,2,100.00%,12,6,0,0,6,6,0.1,0.9,0
462,Tyrell Williams,DET,29,,1,1,3,2,66.70%,14,7,0,1,7,4.7,2,14,0
463,Ethan Wolf,NOR,26,te,2,1,2,2,100.00%,8,4,0,0,4,4,1,4,0
464,Kenny Yeboah,NYJ,23,,9,0,3,2,66.70%,36,18,0,2,24,12,0.2,4,0
465,Alex Armah,2TM,27,,11,2,1,1,100.00%,1,1,1,1,1,1,0.1,0.1,0
466,Nick Bawden,NYJ,25,fb,9,1,1,1,100.00%,20,20,0,1,20,20,0.1,2.2,0
467,Nick Bellore,SEA,32,,17,0,1,1,100.00%,4,4,0,0,4,4,0.1,0.2,0
468,Tarik Black,NYJ,23,,1,0,2,1,50.00%,10,10,0,1,10,5,1,10,0
469,Miles Boykin,BAL,25,,8,0,1,1,100.00%,6,6,0,0,6,6,0.1,0.8,0
470,Nick Boyle,BAL,28,te,5,3,2,1,50.00%,2,2,0,0,2,1,0.2,0.4,0
471,Garrett Bradbury,MIN,26,C,13,13,1,1,100.00%,21,21,0,1,21,21,0.1,1.6,0
472,Gary Brightwell,NYG,22,,13,0,1,1,100.00%,6,6,0,0,6,6,0.1,0.5,0
473,Keke Coutee,IND,24,,2,0,1,1,100.00%,5,5,0,0,5,5,0.5,2.5,0
474,Darrell Daniels,ARI,27,te,15,4,4,1,25.00%,0,0,0,0,0,0,0.1,0,0
475,Frank Darby,ATL,24,,10,0,4,1,25.00%,14,14,0,1,14,3.5,0.1,1.4,0
476,Davion Davis,HOU,25,wr,2,1,3,1,33.30%,17,17,0,1,17,5.7,0.5,8.5,0
477,Wayne Gallman,2TM,27,,8,0,3,1,33.30%,21,21,0,1,21,7,0.1,2.6,0
478,Marvin Hall,ATL,28,,2,0,1,1,100.00%,10,10,0,1,10,10,0.5,5,0
479,Taylor Heinicke,WAS,28,QB,16,15,1,1,100.00%,-2,-2,0,0,-2,-2,0.1,-0.1,7
480,Daniel Helm,LVR,26,te,9,1,2,1,50.00%,-1,-1,0,0,0,-0.5,0.1,-0.1,0
481,Kylin Hill,GNB,23,,8,0,2,1,50.00%,5,5,0,0,5,2.5,0.1,0.6,0
482,Amani Hooker,TEN,23,DB,12,12,1,1,100.00%,6,6,0,1,6,6,0.1,0.5,0
483,Brycen Hopkins,LAR,24,,5,0,1,1,100.00%,9,9,0,1,9,9,0.2,1.8,0
484,Andy Isabella,ARI,25,,8,0,1,1,100.00%,13,13,0,1,13,13,0.1,1.6,0
485,Lane Johnson,PHI,31,T,13,13,1,1,100.00%,5,5,1,1,5,5,0.1,0.4,0
486,Daniel Jones,NYG,24,QB,11,11,1,1,100.00%,16,16,0,1,16,16,0.1,1.5,7
487,Tommylee Lewis,MIA,29,,2,0,2,1,50.00%,7,7,0,1,7,3.5,0.5,3.5,0
488,Drew Lock,DEN,25,qb,6,3,1,1,100.00%,1,1,0,0,1,1,0.2,0.2,2
489,Hunter Long,MIA,23,te,7,2,3,1,33.30%,8,8,0,0,8,2.7,0.1,1.1,0
490,Conor McDermott,NYJ,29,ol,6,3,1,1,100.00%,1,1,1,1,1,1,0.2,0.2,0
491,Anthony McFarland Jr.,PIT,22,,2,0,1,1,100.00%,11,11,0,1,11,11,0.5,5.5,0
492,Kirk Merritt,MIA,24,,2,0,3,1,33.30%,13,13,0,1,13,4.3,0.5,6.5,0
493,Johnny Mundt,LAR,27,,6,0,1,1,100.00%,9,9,0,1,9,9,0.2,1.5,0
494,Ryan Nall,CHI,26,,9,0,1,1,100.00%,4,4,0,0,4,4,0.1,0.4,0
495,Devine Ozigbo,2TM,25,,3,0,1,1,100.00%,7,7,0,1,7,7,0.3,2.3,0
496,Danny Pinter,IND,25,g,16,3,1,1,100.00%,2,2,1,1,2,2,0.1,0.1,0
497,Bobby Price,DET,23,s,15,2,1,1,100.00%,17,17,0,1,17,17,0.1,1.1,0
498,Mike Remmers,KAN,32,t,4,2,1,1,100.00%,-2,-2,0,0,-2,-2,0.3,-0.5,0
499,Andre Roberts,2TM,33,,16,0,2,1,50.00%,35,35,0,1,35,17.5,0.1,2.2,3
500,Aaron Rodgers*+,GNB,38,QB,16,16,1,1,100.00%,-4,-4,0,0,-4,-4,0.1,-0.3,3
